uuid;name;address;pc;secret_load_pc;transmitter;n_instr;n_dependent_loads;contains_spec_stop;bbls;transmission_expr;transmission_size;transmission_branches;transmission_constraints;transmission_requirements_regs;transmission_requirements_indirect_regs;transmission_requirements_direct_regs;transmission_requirements_mem;transmission_requirements_const_mem;transmission_range_min;transmission_range_max;transmission_range_window;transmission_range_stride;transmission_range_and_mask;transmission_range_or_mask;transmission_range_exact;transmission_range_w_branches_min;transmission_range_w_branches_max;transmission_range_w_branches_window;transmission_range_w_branches_stride;transmission_range_w_branches_and_mask;transmission_range_w_branches_or_mask;transmission_range_w_branches_exact;transmission_control;transmission_n_dependent_loads;base_expr;base_size;base_branches;base_constraints;base_requirements_regs;base_requirements_indirect_regs;base_requirements_direct_regs;base_requirements_mem;base_requirements_const_mem;base_range_min;base_range_max;base_range_window;base_range_stride;base_range_and_mask;base_range_or_mask;base_range_exact;base_range_w_branches_min;base_range_w_branches_max;base_range_w_branches_window;base_range_w_branches_stride;base_range_w_branches_and_mask;base_range_w_branches_or_mask;base_range_w_branches_exact;base_control;base_n_dependent_loads;independent_base_expr;independent_base_size;independent_base_branches;independent_base_constraints;independent_base_requirements_regs;independent_base_requirements_indirect_regs;independent_base_requirements_direct_regs;independent_base_requirements_mem;independent_base_requirements_const_mem;independent_base_range_min;independent_base_range_max;independent_base_range_window;independent_base_range_stride;independent_base_range_and_mask;independent_base_range_or_mask;independent_base_range_exact;independent_base_range_w_branches_min;independent_base_range_w_branches_max;independent_base_range_w_branches_window;independent_base_range_w_branches_stride;independent_base_range_w_branches_and_mask;independent_base_range_w_branches_or_mask;independent_base_range_w_branches_exact;independent_base_control;independent_base_n_dependent_loads;transmitted_secret_expr;transmitted_secret_size;transmitted_secret_branches;transmitted_secret_constraints;transmitted_secret_requirements_regs;transmitted_secret_requirements_indirect_regs;transmitted_secret_requirements_direct_regs;transmitted_secret_requirements_mem;transmitted_secret_requirements_const_mem;transmitted_secret_range_min;transmitted_secret_range_max;transmitted_secret_range_window;transmitted_secret_range_stride;transmitted_secret_range_and_mask;transmitted_secret_range_or_mask;transmitted_secret_range_exact;transmitted_secret_range_w_branches_min;transmitted_secret_range_w_branches_max;transmitted_secret_range_w_branches_window;transmitted_secret_range_w_branches_stride;transmitted_secret_range_w_branches_and_mask;transmitted_secret_range_w_branches_or_mask;transmitted_secret_range_w_branches_exact;transmitted_secret_control;transmitted_secret_n_dependent_loads;secret_address_expr;secret_address_size;secret_address_branches;secret_address_constraints;secret_address_requirements_regs;secret_address_requirements_indirect_regs;secret_address_requirements_direct_regs;secret_address_requirements_mem;secret_address_requirements_const_mem;secret_address_range_min;secret_address_range_max;secret_address_range_window;secret_address_range_stride;secret_address_range_and_mask;secret_address_range_or_mask;secret_address_range_exact;secret_address_range_w_branches_min;secret_address_range_w_branches_max;secret_address_range_w_branches_window;secret_address_range_w_branches_stride;secret_address_range_w_branches_and_mask;secret_address_range_w_branches_or_mask;secret_address_range_w_branches_exact;secret_address_control;secret_address_n_dependent_loads;secret_val_expr;secret_val_size;secret_val_branches;secret_val_constraints;secret_val_requirements_regs;secret_val_requirements_indirect_regs;secret_val_requirements_direct_regs;secret_val_requirements_mem;secret_val_requirements_const_mem;secret_val_range_min;secret_val_range_max;secret_val_range_window;secret_val_range_stride;secret_val_range_and_mask;secret_val_range_or_mask;secret_val_range_exact;secret_val_range_w_branches_min;secret_val_range_w_branches_max;secret_val_range_w_branches_window;secret_val_range_w_branches_stride;secret_val_range_w_branches_and_mask;secret_val_range_w_branches_or_mask;secret_val_range_w_branches_exact;secret_val_control;secret_val_n_dependent_loads;branches;branch_requirements;constraints;constraint_requirements;all_requirements;all_requirements_w_branches;inferable_bits_spread_high;inferable_bits_spread_low;inferable_bits_spread_total;inferable_bits_n_inferable_bits;aliases;deps;direct_dependent_base_expr;indirect_dependent_base_expr;base_control_type;base_control_w_constraints;base_control_w_branches_and_constraints;n_branches;branch_control_type;cmove_control_type;pc_as_int;is_secret_inferable;has_valid_base;has_valid_secret_address;is_cmove_independent_from_secret;has_no_speculation_stop;is_secret_below_cache_granularity;can_perform_sliding;is_secret_entropy_high;can_perform_known_prefix;is_max_secret_too_high;can_adjust_base;base_has_indirect_secret_dependency;leak_secret_near_valid_base;base_has_direct_secret_dependency;can_ignore_direct_dependency;is_branch_dependent_from_secret;perform_training;is_branch_dependent_from_uncontrolled;perform_out_of_place_training;exploitable;required_solutions;fail_reasons;is_secret_inferable_w_branches;has_valid_base_w_branches;has_valid_secret_address_w_branches;is_cmove_independent_from_secret_w_branches;has_no_speculation_stop_w_branches;is_secret_below_cache_granularity_w_branches;can_perform_sliding_w_branches;is_secret_entropy_high_w_branches;can_perform_known_prefix_w_branches;is_max_secret_too_high_w_branches;can_adjust_base_w_branches;base_has_indirect_secret_dependency_w_branches;leak_secret_near_valid_base_w_branches;base_has_direct_secret_dependency_w_branches;can_ignore_direct_dependency_w_branches;is_branch_dependent_from_secret_w_branches;perform_training_w_branches;is_branch_dependent_from_uncontrolled_w_branches;perform_out_of_place_training_w_branches;exploitable_w_branches;required_solutions_w_branches;fail_reasons_w_branches
847d98d5-2825-4f4a-aa33-cbe12626e33d;_ZN11AutoTypeKeyC1EN2Qt3KeyE6QFlagsINS0_16KeyboardModifierEE;0x26fbc0;0x26fbdc;0x0;TransmitterType.STORE;9;0;False;['0x26fbc0'];<BV64 x0>;64;[];[];['<BV64 x0>'];[];['<BV64 x0>'];[];[];0;18446744073709551615;18446744073709551615;1;;;True;0;18446744073709551615;18446744073709551615;1;;;True;ControlType.CONTROLLED;0;;0;[];[];[];[];[];[];[];0.0;0.0;0.0;0.0;;;False;0.0;0.0;0.0;0.0;;;False;ControlType.UNKNOWN;0;;0;[];[];[];[];[];[];[];0;0;0;;;;False;0.0;0.0;0.0;0.0;;;False;ControlType.UNKNOWN;0;<BV64 x0>;64;[];[];['<BV64 x0>'];[];['<BV64 x0>'];[];[];0.0;1.8446744073709552e+19;18446744073709551615;1;;;True;0.0;1.8446744073709552e+19;18446744073709551615;1;;;True;ControlType.CONTROLLED;0;<BV64 x0>;64;[];[];['<BV64 x0>'];[];['<BV64 x0>'];[];[];0.0;1.8446744073709552e+19;1.8446744073709552e+19;1.0;;;True;0.0;1.8446744073709552e+19;1.8446744073709552e+19;1.0;;;True;ControlType.CONTROLLED;0;<BV64 x0>;64;[];[];[];[];[];[];[];0;0;0;;;;False;0;0;0;;;;False;ControlType.UNKNOWN;0;[];{'regs': [], 'indirect_regs': [], 'direct_regs': [], 'mem': [], 'const_mem': []};[];{'regs': [], 'indirect_regs': [], 'direct_regs': [], 'mem': [], 'const_mem': []};{'regs': ['<BV64 x0>'], 'indirect_regs': [], 'direct_regs': ['<BV64 x0>'], 'mem': [], 'const_mem': []};{'regs': ['<BV64 x0>'], 'indirect_regs': [], 'direct_regs': ['<BV64 x0>'], 'mem': [], 'const_mem': []};63.0;0.0;64.0;64.0;[];;;;BaseControlType.NO_BASE;BaseControlType.NO_BASE;BaseControlType.NO_BASE;0;BranchControlType.BRANCH_INDEPENDENT_FROM_SECRET;BranchControlType.BRANCH_INDEPENDENT_FROM_SECRET;2554844;True;False;True;True;True;False;False;True;True;False;False;False;True;False;True;False;True;False;True;False;[];['has_valid_base'];True;False;True;True;True;False;False;True;True;False;False;False;True;False;True;False;True;False;True;False;[];['has_valid_base']
4d40ea91-438d-451b-98fb-442dfb64e95d;_ZN12AutoTypeModeC1EN16AutoTypeExecutor4ModeE;0x27190c;0x271928;0x0;TransmitterType.STORE;9;0;False;['0x27190c'];<BV64 x0>;64;[];[];['<BV64 x0>'];[];['<BV64 x0>'];[];[];0;18446744073709551615;18446744073709551615;1;;;True;0;18446744073709551615;18446744073709551615;1;;;True;ControlType.CONTROLLED;0;;0;[];[];[];[];[];[];[];0.0;0.0;0.0;0.0;;;False;0.0;0.0;0.0;0.0;;;False;ControlType.UNKNOWN;0;;0;[];[];[];[];[];[];[];0;0;0;;;;False;0.0;0.0;0.0;0.0;;;False;ControlType.UNKNOWN;0;<BV64 x0>;64;[];[];['<BV64 x0>'];[];['<BV64 x0>'];[];[];0.0;1.8446744073709552e+19;18446744073709551615;1;;;True;0.0;1.8446744073709552e+19;18446744073709551615;1;;;True;ControlType.CONTROLLED;0;<BV64 x0>;64;[];[];['<BV64 x0>'];[];['<BV64 x0>'];[];[];0.0;1.8446744073709552e+19;1.8446744073709552e+19;1.0;;;True;0.0;1.8446744073709552e+19;1.8446744073709552e+19;1.0;;;True;ControlType.CONTROLLED;0;<BV64 x0>;64;[];[];[];[];[];[];[];0;0;0;;;;False;0;0;0;;;;False;ControlType.UNKNOWN;0;[];{'regs': [], 'indirect_regs': [], 'direct_regs': [], 'mem': [], 'const_mem': []};[];{'regs': [], 'indirect_regs': [], 'direct_regs': [], 'mem': [], 'const_mem': []};{'regs': ['<BV64 x0>'], 'indirect_regs': [], 'direct_regs': ['<BV64 x0>'], 'mem': [], 'const_mem': []};{'regs': ['<BV64 x0>'], 'indirect_regs': [], 'direct_regs': ['<BV64 x0>'], 'mem': [], 'const_mem': []};63.0;0.0;64.0;64.0;[];;;;BaseControlType.NO_BASE;BaseControlType.NO_BASE;BaseControlType.NO_BASE;0;BranchControlType.BRANCH_INDEPENDENT_FROM_SECRET;BranchControlType.BRANCH_INDEPENDENT_FROM_SECRET;2562344;True;False;True;True;True;False;False;True;True;False;False;False;True;False;True;False;True;False;True;False;[];['has_valid_base'];True;False;True;True;True;False;False;True;True;False;False;False;True;False;True;False;True;False;True;False;[];['has_valid_base']
24975e57-4d57-47ef-81b9-e5ddae42be1b;_ZN12AutoTypeModeC2EN16AutoTypeExecutor4ModeE;0x27190c;0x271928;0x0;TransmitterType.STORE;9;0;False;['0x27190c'];<BV64 x0>;64;[];[];['<BV64 x0>'];[];['<BV64 x0>'];[];[];0;18446744073709551615;18446744073709551615;1;;;True;0;18446744073709551615;18446744073709551615;1;;;True;ControlType.CONTROLLED;0;;0;[];[];[];[];[];[];[];0.0;0.0;0.0;0.0;;;False;0.0;0.0;0.0;0.0;;;False;ControlType.UNKNOWN;0;;0;[];[];[];[];[];[];[];0;0;0;;;;False;0.0;0.0;0.0;0.0;;;False;ControlType.UNKNOWN;0;<BV64 x0>;64;[];[];['<BV64 x0>'];[];['<BV64 x0>'];[];[];0.0;1.8446744073709552e+19;18446744073709551615;1;;;True;0.0;1.8446744073709552e+19;18446744073709551615;1;;;True;ControlType.CONTROLLED;0;<BV64 x0>;64;[];[];['<BV64 x0>'];[];['<BV64 x0>'];[];[];0.0;1.8446744073709552e+19;1.8446744073709552e+19;1.0;;;True;0.0;1.8446744073709552e+19;1.8446744073709552e+19;1.0;;;True;ControlType.CONTROLLED;0;<BV64 x0>;64;[];[];[];[];[];[];[];0;0;0;;;;False;0;0;0;;;;False;ControlType.UNKNOWN;0;[];{'regs': [], 'indirect_regs': [], 'direct_regs': [], 'mem': [], 'const_mem': []};[];{'regs': [], 'indirect_regs': [], 'direct_regs': [], 'mem': [], 'const_mem': []};{'regs': ['<BV64 x0>'], 'indirect_regs': [], 'direct_regs': ['<BV64 x0>'], 'mem': [], 'const_mem': []};{'regs': ['<BV64 x0>'], 'indirect_regs': [], 'direct_regs': ['<BV64 x0>'], 'mem': [], 'const_mem': []};63.0;0.0;64.0;64.0;[];;;;BaseControlType.NO_BASE;BaseControlType.NO_BASE;BaseControlType.NO_BASE;0;BranchControlType.BRANCH_INDEPENDENT_FROM_SECRET;BranchControlType.BRANCH_INDEPENDENT_FROM_SECRET;2562344;True;False;True;True;True;False;False;True;True;False;False;False;True;False;True;False;True;False;True;False;[];['has_valid_base'];True;False;True;True;True;False;False;True;True;False;False;False;True;False;True;False;True;False;True;False;[];['has_valid_base']
c71495b7-f1fe-4197-b860-9980b0a5594e;_ZN13AutoTypeDelayC1Eib;0x2718e0;0x2718fc;0x0;TransmitterType.STORE;9;0;False;['0x2718e0'];<BV64 x0>;64;[];[];['<BV64 x0>'];[];['<BV64 x0>'];[];[];0;18446744073709551615;18446744073709551615;1;;;True;0;18446744073709551615;18446744073709551615;1;;;True;ControlType.CONTROLLED;0;;0;[];[];[];[];[];[];[];0.0;0.0;0.0;0.0;;;False;0.0;0.0;0.0;0.0;;;False;ControlType.UNKNOWN;0;;0;[];[];[];[];[];[];[];0;0;0;;;;False;0.0;0.0;0.0;0.0;;;False;ControlType.UNKNOWN;0;<BV64 x0>;64;[];[];['<BV64 x0>'];[];['<BV64 x0>'];[];[];0.0;1.8446744073709552e+19;18446744073709551615;1;;;True;0.0;1.8446744073709552e+19;18446744073709551615;1;;;True;ControlType.CONTROLLED;0;<BV64 x0>;64;[];[];['<BV64 x0>'];[];['<BV64 x0>'];[];[];0.0;1.8446744073709552e+19;1.8446744073709552e+19;1.0;;;True;0.0;1.8446744073709552e+19;1.8446744073709552e+19;1.0;;;True;ControlType.CONTROLLED;0;<BV64 x0>;64;[];[];[];[];[];[];[];0;0;0;;;;False;0;0;0;;;;False;ControlType.UNKNOWN;0;[];{'regs': [], 'indirect_regs': [], 'direct_regs': [], 'mem': [], 'const_mem': []};[];{'regs': [], 'indirect_regs': [], 'direct_regs': [], 'mem': [], 'const_mem': []};{'regs': ['<BV64 x0>'], 'indirect_regs': [], 'direct_regs': ['<BV64 x0>'], 'mem': [], 'const_mem': []};{'regs': ['<BV64 x0>'], 'indirect_regs': [], 'direct_regs': ['<BV64 x0>'], 'mem': [], 'const_mem': []};63.0;0.0;64.0;64.0;[];;;;BaseControlType.NO_BASE;BaseControlType.NO_BASE;BaseControlType.NO_BASE;0;BranchControlType.BRANCH_INDEPENDENT_FROM_SECRET;BranchControlType.BRANCH_INDEPENDENT_FROM_SECRET;2562300;True;False;True;True;True;False;False;True;True;False;False;False;True;False;True;False;True;False;True;False;[];['has_valid_base'];True;False;True;True;True;False;False;True;True;False;False;False;True;False;True;False;True;False;True;False;[];['has_valid_base']
909acb3e-0bb1-4830-a570-c6a77abe8c76;_ZN13AutoTypeDelayC2Eib;0x2718e0;0x2718fc;0x0;TransmitterType.STORE;9;0;False;['0x2718e0'];<BV64 x0>;64;[];[];['<BV64 x0>'];[];['<BV64 x0>'];[];[];0;18446744073709551615;18446744073709551615;1;;;True;0;18446744073709551615;18446744073709551615;1;;;True;ControlType.CONTROLLED;0;;0;[];[];[];[];[];[];[];0.0;0.0;0.0;0.0;;;False;0.0;0.0;0.0;0.0;;;False;ControlType.UNKNOWN;0;;0;[];[];[];[];[];[];[];0;0;0;;;;False;0.0;0.0;0.0;0.0;;;False;ControlType.UNKNOWN;0;<BV64 x0>;64;[];[];['<BV64 x0>'];[];['<BV64 x0>'];[];[];0.0;1.8446744073709552e+19;18446744073709551615;1;;;True;0.0;1.8446744073709552e+19;18446744073709551615;1;;;True;ControlType.CONTROLLED;0;<BV64 x0>;64;[];[];['<BV64 x0>'];[];['<BV64 x0>'];[];[];0.0;1.8446744073709552e+19;1.8446744073709552e+19;1.0;;;True;0.0;1.8446744073709552e+19;1.8446744073709552e+19;1.0;;;True;ControlType.CONTROLLED;0;<BV64 x0>;64;[];[];[];[];[];[];[];0;0;0;;;;False;0;0;0;;;;False;ControlType.UNKNOWN;0;[];{'regs': [], 'indirect_regs': [], 'direct_regs': [], 'mem': [], 'const_mem': []};[];{'regs': [], 'indirect_regs': [], 'direct_regs': [], 'mem': [], 'const_mem': []};{'regs': ['<BV64 x0>'], 'indirect_regs': [], 'direct_regs': ['<BV64 x0>'], 'mem': [], 'const_mem': []};{'regs': ['<BV64 x0>'], 'indirect_regs': [], 'direct_regs': ['<BV64 x0>'], 'mem': [], 'const_mem': []};63.0;0.0;64.0;64.0;[];;;;BaseControlType.NO_BASE;BaseControlType.NO_BASE;BaseControlType.NO_BASE;0;BranchControlType.BRANCH_INDEPENDENT_FROM_SECRET;BranchControlType.BRANCH_INDEPENDENT_FROM_SECRET;2562300;True;False;True;True;True;False;False;True;True;False;False;False;True;False;True;False;True;False;True;False;[];['has_valid_base'];True;False;True;True;True;False;False;True;True;False;False;False;True;False;True;False;True;False;True;False;[];['has_valid_base']
b5d3312f-29a2-46e3-a1fc-9e5207a6e458;_ZNK11AutoTypeKey4execEP16AutoTypeExecutor;0x26d4c0;0x26d4fc;0x26d4e4;TransmitterType.LOAD;16;1;False;['0x26d4c0'];<BV64 0x18 + LOAD_64[<BV64 x1>]_23>;64;[];[];['<BV64 x1>'];"[""<BV64 x1>: ['0x0']""]";[];['<BV64 x1>'];[];0;18446744073709551615;18446744073709551615;1;;;True;0;18446744073709551615;18446744073709551615;1;;;True;ControlType.CONTROLLED;1;<BV64 0x18>;64;[];[];[];[];[];[];[];24.0;24.0;0.0;1.0;;;True;24.0;24.0;0.0;1.0;;;True;ControlType.NO_CONTROL;0;<BV64 0x18>;64;[];[];[];[];[];[];[];24;24;0;1.0;;;True;24.0;24.0;0.0;1.0;;;True;ControlType.NO_CONTROL;0;<BV64 LOAD_64[<BV64 x1>]_23>;64;[];[];['<BV64 x1>'];"[""<BV64 x1>: ['0x0']""]";[];['<BV64 x1>'];[];0.0;1.8446744073709552e+19;18446744073709551615;1;;;True;0.0;1.8446744073709552e+19;18446744073709551615;1;;;True;ControlType.CONTROLLED;1;<BV64 x1>;64;[];[];['<BV64 x1>'];[];['<BV64 x1>'];[];[];0.0;1.8446744073709552e+19;1.8446744073709552e+19;1.0;;;True;0.0;1.8446744073709552e+19;1.8446744073709552e+19;1.0;;;True;ControlType.CONTROLLED;0;<BV64 LOAD_64[<BV64 x1>]_23>;64;[];[];[];[];[];[];[];0;0;0;;;;False;0;0;0;;;;False;ControlType.UNKNOWN;1;[];{'regs': [], 'indirect_regs': [], 'direct_regs': [], 'mem': [], 'const_mem': []};[];{'regs': [], 'indirect_regs': [], 'direct_regs': [], 'mem': [], 'const_mem': []};{'regs': ['<BV64 x1>'], 'indirect_regs': [], 'direct_regs': ['<BV64 x1>'], 'mem': ['<BV64 x1>'], 'const_mem': []};{'regs': ['<BV64 x1>'], 'indirect_regs': [], 'direct_regs': ['<BV64 x1>'], 'mem': ['<BV64 x1>'], 'const_mem': []};63.0;0.0;64.0;64.0;[];;;;BaseControlType.CONSTANT_BASE;BaseControlType.CONSTANT_BASE;BaseControlType.CONSTANT_BASE;0;BranchControlType.BRANCH_INDEPENDENT_FROM_SECRET;BranchControlType.BRANCH_INDEPENDENT_FROM_SECRET;2544892;True;False;True;True;True;False;False;True;True;False;False;False;True;False;True;False;True;False;True;False;[];['has_valid_base'];True;False;True;True;True;False;False;True;True;False;False;False;True;False;True;False;True;False;True;False;[];['has_valid_base']
744f75d7-f752-4af7-b887-fca23fa8e0ce;_ZNK13AutoTypeDelay4execEP16AutoTypeExecutor;0x26de8c;0x26dea0;0x0;TransmitterType.LOAD;6;0;False;['0x26de8c'];<BV64 0xc + x0>;64;[];[];['<BV64 x0>'];[];['<BV64 x0>'];[];[];0;18446744073709551615;18446744073709551615;1;;;True;0;18446744073709551615;18446744073709551615;1;;;True;ControlType.CONTROLLED;0;<BV64 0xc>;64;[];[];[];[];[];[];[];12.0;12.0;0.0;1.0;;;True;12.0;12.0;0.0;1.0;;;True;ControlType.NO_CONTROL;0;<BV64 0xc>;64;[];[];[];[];[];[];[];12;12;0;1.0;;;True;12.0;12.0;0.0;1.0;;;True;ControlType.NO_CONTROL;0;<BV64 x0>;64;[];[];['<BV64 x0>'];[];['<BV64 x0>'];[];[];0.0;1.8446744073709552e+19;18446744073709551615;1;;;True;0.0;1.8446744073709552e+19;18446744073709551615;1;;;True;ControlType.CONTROLLED;0;<BV64 x0>;64;[];[];['<BV64 x0>'];[];['<BV64 x0>'];[];[];0.0;1.8446744073709552e+19;1.8446744073709552e+19;1.0;;;True;0.0;1.8446744073709552e+19;1.8446744073709552e+19;1.0;;;True;ControlType.CONTROLLED;0;<BV64 x0>;64;[];[];[];[];[];[];[];0;0;0;;;;False;0;0;0;;;;False;ControlType.UNKNOWN;0;[];{'regs': [], 'indirect_regs': [], 'direct_regs': [], 'mem': [], 'const_mem': []};[];{'regs': [], 'indirect_regs': [], 'direct_regs': [], 'mem': [], 'const_mem': []};{'regs': ['<BV64 x0>'], 'indirect_regs': [], 'direct_regs': ['<BV64 x0>'], 'mem': [], 'const_mem': []};{'regs': ['<BV64 x0>'], 'indirect_regs': [], 'direct_regs': ['<BV64 x0>'], 'mem': [], 'const_mem': []};63.0;0.0;64.0;64.0;[];;;;BaseControlType.CONSTANT_BASE;BaseControlType.CONSTANT_BASE;BaseControlType.CONSTANT_BASE;0;BranchControlType.BRANCH_INDEPENDENT_FROM_SECRET;BranchControlType.BRANCH_INDEPENDENT_FROM_SECRET;2547360;True;False;True;True;True;False;False;True;True;False;False;False;True;False;True;False;True;False;True;False;[];['has_valid_base'];True;False;True;True;True;False;False;True;True;False;False;False;True;False;True;False;True;False;True;False;[];['has_valid_base']
0e0b1544-8753-4fe0-97ac-b7a9aca6a878;_ZNK12AutoTypeMode4execEP16AutoTypeExecutor;0x26db04;0x26db1c;0x0;TransmitterType.LOAD;7;0;False;['0x26db04'];<BV64 0x8 + x0>;64;[];[];['<BV64 x0>'];[];['<BV64 x0>'];[];[];0;18446744073709551615;18446744073709551615;1;;;True;0;18446744073709551615;18446744073709551615;1;;;True;ControlType.CONTROLLED;0;<BV64 0x8>;64;[];[];[];[];[];[];[];8.0;8.0;0.0;1.0;;;True;8.0;8.0;0.0;1.0;;;True;ControlType.NO_CONTROL;0;<BV64 0x8>;64;[];[];[];[];[];[];[];8;8;0;1.0;;;True;8.0;8.0;0.0;1.0;;;True;ControlType.NO_CONTROL;0;<BV64 x0>;64;[];[];['<BV64 x0>'];[];['<BV64 x0>'];[];[];0.0;1.8446744073709552e+19;18446744073709551615;1;;;True;0.0;1.8446744073709552e+19;18446744073709551615;1;;;True;ControlType.CONTROLLED;0;<BV64 x0>;64;[];[];['<BV64 x0>'];[];['<BV64 x0>'];[];[];0.0;1.8446744073709552e+19;1.8446744073709552e+19;1.0;;;True;0.0;1.8446744073709552e+19;1.8446744073709552e+19;1.0;;;True;ControlType.CONTROLLED;0;<BV64 x0>;64;[];[];[];[];[];[];[];0;0;0;;;;False;0;0;0;;;;False;ControlType.UNKNOWN;0;[];{'regs': [], 'indirect_regs': [], 'direct_regs': [], 'mem': [], 'const_mem': []};[];{'regs': [], 'indirect_regs': [], 'direct_regs': [], 'mem': [], 'const_mem': []};{'regs': ['<BV64 x0>'], 'indirect_regs': [], 'direct_regs': ['<BV64 x0>'], 'mem': [], 'const_mem': []};{'regs': ['<BV64 x0>'], 'indirect_regs': [], 'direct_regs': ['<BV64 x0>'], 'mem': [], 'const_mem': []};63.0;0.0;64.0;64.0;[];;;;BaseControlType.CONSTANT_BASE;BaseControlType.CONSTANT_BASE;BaseControlType.CONSTANT_BASE;0;BranchControlType.BRANCH_INDEPENDENT_FROM_SECRET;BranchControlType.BRANCH_INDEPENDENT_FROM_SECRET;2546460;True;False;True;True;True;False;False;True;True;False;False;False;True;False;True;False;True;False;True;False;[];['has_valid_base'];True;False;True;True;True;False;False;True;True;False;False;False;True;False;True;False;True;False;True;False;[];['has_valid_base']
a3b791a5-f7c4-4e5e-b124-42a08622c15e;_ZNK18AutoTypeClearField4execEP16AutoTypeExecutor;0x26d540;0x26d57c;0x26d564;TransmitterType.LOAD;16;1;False;['0x26d540'];<BV64 0x20 + LOAD_64[<BV64 x1>]_23>;64;[];[];['<BV64 x1>'];"[""<BV64 x1>: ['0x0']""]";[];['<BV64 x1>'];[];0;18446744073709551615;18446744073709551615;1;;;True;0;18446744073709551615;18446744073709551615;1;;;True;ControlType.CONTROLLED;1;<BV64 0x20>;64;[];[];[];[];[];[];[];32.0;32.0;0.0;1.0;;;True;32.0;32.0;0.0;1.0;;;True;ControlType.NO_CONTROL;0;<BV64 0x20>;64;[];[];[];[];[];[];[];32;32;0;1.0;;;True;32.0;32.0;0.0;1.0;;;True;ControlType.NO_CONTROL;0;<BV64 LOAD_64[<BV64 x1>]_23>;64;[];[];['<BV64 x1>'];"[""<BV64 x1>: ['0x0']""]";[];['<BV64 x1>'];[];0.0;1.8446744073709552e+19;18446744073709551615;1;;;True;0.0;1.8446744073709552e+19;18446744073709551615;1;;;True;ControlType.CONTROLLED;1;<BV64 x1>;64;[];[];['<BV64 x1>'];[];['<BV64 x1>'];[];[];0.0;1.8446744073709552e+19;1.8446744073709552e+19;1.0;;;True;0.0;1.8446744073709552e+19;1.8446744073709552e+19;1.0;;;True;ControlType.CONTROLLED;0;<BV64 LOAD_64[<BV64 x1>]_23>;64;[];[];[];[];[];[];[];0;0;0;;;;False;0;0;0;;;;False;ControlType.UNKNOWN;1;[];{'regs': [], 'indirect_regs': [], 'direct_regs': [], 'mem': [], 'const_mem': []};[];{'regs': [], 'indirect_regs': [], 'direct_regs': [], 'mem': [], 'const_mem': []};{'regs': ['<BV64 x1>'], 'indirect_regs': [], 'direct_regs': ['<BV64 x1>'], 'mem': ['<BV64 x1>'], 'const_mem': []};{'regs': ['<BV64 x1>'], 'indirect_regs': [], 'direct_regs': ['<BV64 x1>'], 'mem': ['<BV64 x1>'], 'const_mem': []};63.0;0.0;64.0;64.0;[];;;;BaseControlType.CONSTANT_BASE;BaseControlType.CONSTANT_BASE;BaseControlType.CONSTANT_BASE;0;BranchControlType.BRANCH_INDEPENDENT_FROM_SECRET;BranchControlType.BRANCH_INDEPENDENT_FROM_SECRET;2545020;True;False;True;True;True;False;False;True;True;False;False;False;True;False;True;False;True;False;True;False;[];['has_valid_base'];True;False;True;True;True;False;False;True;True;False;False;False;True;False;True;False;True;False;True;False;[];['has_valid_base']
43a38898-88a8-415a-95cf-aa862739e3d8;_ZN11AutoTypeKeyC2EN2Qt3KeyE6QFlagsINS0_16KeyboardModifierEE;0x26fbc0;0x26fbdc;0x0;TransmitterType.STORE;9;0;False;['0x26fbc0'];<BV64 x0>;64;[];[];['<BV64 x0>'];[];['<BV64 x0>'];[];[];0;18446744073709551615;18446744073709551615;1;;;True;0;18446744073709551615;18446744073709551615;1;;;True;ControlType.CONTROLLED;0;;0;[];[];[];[];[];[];[];0.0;0.0;0.0;0.0;;;False;0.0;0.0;0.0;0.0;;;False;ControlType.UNKNOWN;0;;0;[];[];[];[];[];[];[];0;0;0;;;;False;0.0;0.0;0.0;0.0;;;False;ControlType.UNKNOWN;0;<BV64 x0>;64;[];[];['<BV64 x0>'];[];['<BV64 x0>'];[];[];0.0;1.8446744073709552e+19;18446744073709551615;1;;;True;0.0;1.8446744073709552e+19;18446744073709551615;1;;;True;ControlType.CONTROLLED;0;<BV64 x0>;64;[];[];['<BV64 x0>'];[];['<BV64 x0>'];[];[];0.0;1.8446744073709552e+19;1.8446744073709552e+19;1.0;;;True;0.0;1.8446744073709552e+19;1.8446744073709552e+19;1.0;;;True;ControlType.CONTROLLED;0;<BV64 x0>;64;[];[];[];[];[];[];[];0;0;0;;;;False;0;0;0;;;;False;ControlType.UNKNOWN;0;[];{'regs': [], 'indirect_regs': [], 'direct_regs': [], 'mem': [], 'const_mem': []};[];{'regs': [], 'indirect_regs': [], 'direct_regs': [], 'mem': [], 'const_mem': []};{'regs': ['<BV64 x0>'], 'indirect_regs': [], 'direct_regs': ['<BV64 x0>'], 'mem': [], 'const_mem': []};{'regs': ['<BV64 x0>'], 'indirect_regs': [], 'direct_regs': ['<BV64 x0>'], 'mem': [], 'const_mem': []};63.0;0.0;64.0;64.0;[];;;;BaseControlType.NO_BASE;BaseControlType.NO_BASE;BaseControlType.NO_BASE;0;BranchControlType.BRANCH_INDEPENDENT_FROM_SECRET;BranchControlType.BRANCH_INDEPENDENT_FROM_SECRET;2554844;True;False;True;True;True;False;False;True;True;False;False;False;True;False;True;False;True;False;True;False;[];['has_valid_base'];True;False;True;True;True;False;False;True;True;False;False;False;True;False;True;False;True;False;True;False;[];['has_valid_base']
6aff603f-717d-4634-a6e8-4b996ba69064;_ZNK13AutoTypeBegin4execEP16AutoTypeExecutor;0x26d5c0;0x26d5fc;0x26d5e4;TransmitterType.LOAD;16;1;False;['0x26d5c0'];<BV64 0x10 + LOAD_64[<BV64 x1>]_23>;64;[];[];['<BV64 x1>'];"[""<BV64 x1>: ['0x0']""]";[];['<BV64 x1>'];[];0;18446744073709551615;18446744073709551615;1;;;True;0;18446744073709551615;18446744073709551615;1;;;True;ControlType.CONTROLLED;1;<BV64 0x10>;64;[];[];[];[];[];[];[];16.0;16.0;0.0;1.0;;;True;16.0;16.0;0.0;1.0;;;True;ControlType.NO_CONTROL;0;<BV64 0x10>;64;[];[];[];[];[];[];[];16;16;0;1.0;;;True;16.0;16.0;0.0;1.0;;;True;ControlType.NO_CONTROL;0;<BV64 LOAD_64[<BV64 x1>]_23>;64;[];[];['<BV64 x1>'];"[""<BV64 x1>: ['0x0']""]";[];['<BV64 x1>'];[];0.0;1.8446744073709552e+19;18446744073709551615;1;;;True;0.0;1.8446744073709552e+19;18446744073709551615;1;;;True;ControlType.CONTROLLED;1;<BV64 x1>;64;[];[];['<BV64 x1>'];[];['<BV64 x1>'];[];[];0.0;1.8446744073709552e+19;1.8446744073709552e+19;1.0;;;True;0.0;1.8446744073709552e+19;1.8446744073709552e+19;1.0;;;True;ControlType.CONTROLLED;0;<BV64 LOAD_64[<BV64 x1>]_23>;64;[];[];[];[];[];[];[];0;0;0;;;;False;0;0;0;;;;False;ControlType.UNKNOWN;1;[];{'regs': [], 'indirect_regs': [], 'direct_regs': [], 'mem': [], 'const_mem': []};[];{'regs': [], 'indirect_regs': [], 'direct_regs': [], 'mem': [], 'const_mem': []};{'regs': ['<BV64 x1>'], 'indirect_regs': [], 'direct_regs': ['<BV64 x1>'], 'mem': ['<BV64 x1>'], 'const_mem': []};{'regs': ['<BV64 x1>'], 'indirect_regs': [], 'direct_regs': ['<BV64 x1>'], 'mem': ['<BV64 x1>'], 'const_mem': []};63.0;0.0;64.0;64.0;[];;;;BaseControlType.CONSTANT_BASE;BaseControlType.CONSTANT_BASE;BaseControlType.CONSTANT_BASE;0;BranchControlType.BRANCH_INDEPENDENT_FROM_SECRET;BranchControlType.BRANCH_INDEPENDENT_FROM_SECRET;2545148;True;False;True;True;True;False;False;True;True;False;False;False;True;False;True;False;True;False;True;False;[];['has_valid_base'];True;False;True;True;True;False;False;True;True;False;False;False;True;False;True;False;True;False;True;False;[];['has_valid_base']
199abc5b-2ab1-4685-ba2f-6f37662f7358;_ZN11AutoTypeKeyC2ERK5QChar6QFlagsIN2Qt16KeyboardModifierEE;0x26fb80;0x26fba4;0x0;TransmitterType.STORE;11;0;False;['0x26fb80'];<BV64 x0>;64;[];[];['<BV64 x0>'];[];['<BV64 x0>'];[];[];0;18446744073709551615;18446744073709551615;1;;;True;0;18446744073709551615;18446744073709551615;1;;;True;ControlType.CONTROLLED;0;;0;[];[];[];[];[];[];[];0.0;0.0;0.0;0.0;;;False;0.0;0.0;0.0;0.0;;;False;ControlType.UNKNOWN;0;;0;[];[];[];[];[];[];[];0;0;0;;;;False;0.0;0.0;0.0;0.0;;;False;ControlType.UNKNOWN;0;<BV64 x0>;64;[];[];['<BV64 x0>'];[];['<BV64 x0>'];[];[];0.0;1.8446744073709552e+19;18446744073709551615;1;;;True;0.0;1.8446744073709552e+19;18446744073709551615;1;;;True;ControlType.CONTROLLED;0;<BV64 x0>;64;[];[];['<BV64 x0>'];[];['<BV64 x0>'];[];[];0.0;1.8446744073709552e+19;1.8446744073709552e+19;1.0;;;True;0.0;1.8446744073709552e+19;1.8446744073709552e+19;1.0;;;True;ControlType.CONTROLLED;0;<BV64 x0>;64;[];[];[];[];[];[];[];0;0;0;;;;False;0;0;0;;;;False;ControlType.UNKNOWN;0;[];{'regs': [], 'indirect_regs': [], 'direct_regs': [], 'mem': [], 'const_mem': []};[];{'regs': [], 'indirect_regs': [], 'direct_regs': [], 'mem': [], 'const_mem': []};{'regs': ['<BV64 x0>'], 'indirect_regs': [], 'direct_regs': ['<BV64 x0>'], 'mem': [], 'const_mem': []};{'regs': ['<BV64 x0>'], 'indirect_regs': [], 'direct_regs': ['<BV64 x0>'], 'mem': [], 'const_mem': []};63.0;0.0;64.0;64.0;[];;;;BaseControlType.NO_BASE;BaseControlType.NO_BASE;BaseControlType.NO_BASE;0;BranchControlType.BRANCH_INDEPENDENT_FROM_SECRET;BranchControlType.BRANCH_INDEPENDENT_FROM_SECRET;2554788;True;False;True;True;True;False;False;True;True;False;False;False;True;False;True;False;True;False;True;False;[];['has_valid_base'];True;False;True;True;True;False;False;True;True;False;False;False;True;False;True;False;True;False;True;False;[];['has_valid_base']
32a79bb0-6a47-4beb-a03a-79c85e81b9e6;_ZN11AutoTypeKeyC1ERK5QChar6QFlagsIN2Qt16KeyboardModifierEE;0x26fb80;0x26fba4;0x0;TransmitterType.STORE;11;0;False;['0x26fb80'];<BV64 x0>;64;[];[];['<BV64 x0>'];[];['<BV64 x0>'];[];[];0;18446744073709551615;18446744073709551615;1;;;True;0;18446744073709551615;18446744073709551615;1;;;True;ControlType.CONTROLLED;0;;0;[];[];[];[];[];[];[];0.0;0.0;0.0;0.0;;;False;0.0;0.0;0.0;0.0;;;False;ControlType.UNKNOWN;0;;0;[];[];[];[];[];[];[];0;0;0;;;;False;0.0;0.0;0.0;0.0;;;False;ControlType.UNKNOWN;0;<BV64 x0>;64;[];[];['<BV64 x0>'];[];['<BV64 x0>'];[];[];0.0;1.8446744073709552e+19;18446744073709551615;1;;;True;0.0;1.8446744073709552e+19;18446744073709551615;1;;;True;ControlType.CONTROLLED;0;<BV64 x0>;64;[];[];['<BV64 x0>'];[];['<BV64 x0>'];[];[];0.0;1.8446744073709552e+19;1.8446744073709552e+19;1.0;;;True;0.0;1.8446744073709552e+19;1.8446744073709552e+19;1.0;;;True;ControlType.CONTROLLED;0;<BV64 x0>;64;[];[];[];[];[];[];[];0;0;0;;;;False;0;0;0;;;;False;ControlType.UNKNOWN;0;[];{'regs': [], 'indirect_regs': [], 'direct_regs': [], 'mem': [], 'const_mem': []};[];{'regs': [], 'indirect_regs': [], 'direct_regs': [], 'mem': [], 'const_mem': []};{'regs': ['<BV64 x0>'], 'indirect_regs': [], 'direct_regs': ['<BV64 x0>'], 'mem': [], 'const_mem': []};{'regs': ['<BV64 x0>'], 'indirect_regs': [], 'direct_regs': ['<BV64 x0>'], 'mem': [], 'const_mem': []};63.0;0.0;64.0;64.0;[];;;;BaseControlType.NO_BASE;BaseControlType.NO_BASE;BaseControlType.NO_BASE;0;BranchControlType.BRANCH_INDEPENDENT_FROM_SECRET;BranchControlType.BRANCH_INDEPENDENT_FROM_SECRET;2554788;True;False;True;True;True;False;False;True;True;False;False;False;True;False;True;False;True;False;True;False;[];['has_valid_base'];True;False;True;True;True;False;False;True;True;False;False;False;True;False;True;False;True;False;True;False;[];['has_valid_base']
205ed3d6-d598-4802-ae69-c0b05e19c188;_ZN11AutoTypeKeyC1EN2Qt3KeyE6QFlagsINS0_16KeyboardModifierEE;0x26fbc0;0x26fbe0;0x0;TransmitterType.STORE;10;0;False;['0x26fbc0'];<BV64 0x8 + x0>;64;[];[];['<BV64 x0>'];[];['<BV64 x0>'];[];[];0;18446744073709551615;18446744073709551615;1;;;True;0;18446744073709551615;18446744073709551615;1;;;True;ControlType.CONTROLLED;0;<BV64 0x8>;64;[];[];[];[];[];[];[];8.0;8.0;0.0;1.0;;;True;8.0;8.0;0.0;1.0;;;True;ControlType.NO_CONTROL;0;<BV64 0x8>;64;[];[];[];[];[];[];[];8;8;0;1.0;;;True;8.0;8.0;0.0;1.0;;;True;ControlType.NO_CONTROL;0;<BV64 x0>;64;[];[];['<BV64 x0>'];[];['<BV64 x0>'];[];[];0.0;1.8446744073709552e+19;18446744073709551615;1;;;True;0.0;1.8446744073709552e+19;18446744073709551615;1;;;True;ControlType.CONTROLLED;0;<BV64 x0>;64;[];[];['<BV64 x0>'];[];['<BV64 x0>'];[];[];0.0;1.8446744073709552e+19;1.8446744073709552e+19;1.0;;;True;0.0;1.8446744073709552e+19;1.8446744073709552e+19;1.0;;;True;ControlType.CONTROLLED;0;<BV64 x0>;64;[];[];[];[];[];[];[];0;0;0;;;;False;0;0;0;;;;False;ControlType.UNKNOWN;0;[];{'regs': [], 'indirect_regs': [], 'direct_regs': [], 'mem': [], 'const_mem': []};[];{'regs': [], 'indirect_regs': [], 'direct_regs': [], 'mem': [], 'const_mem': []};{'regs': ['<BV64 x0>'], 'indirect_regs': [], 'direct_regs': ['<BV64 x0>'], 'mem': [], 'const_mem': []};{'regs': ['<BV64 x0>'], 'indirect_regs': [], 'direct_regs': ['<BV64 x0>'], 'mem': [], 'const_mem': []};63.0;0.0;64.0;64.0;[];;;;BaseControlType.CONSTANT_BASE;BaseControlType.CONSTANT_BASE;BaseControlType.CONSTANT_BASE;0;BranchControlType.BRANCH_INDEPENDENT_FROM_SECRET;BranchControlType.BRANCH_INDEPENDENT_FROM_SECRET;2554848;True;False;True;True;True;False;False;True;True;False;False;False;True;False;True;False;True;False;True;False;[];['has_valid_base'];True;False;True;True;True;False;False;True;True;False;False;False;True;False;True;False;True;False;True;False;[];['has_valid_base']
57def155-f1ee-4d8d-a9c4-99133bfb68e4;_ZN12AutoTypeModeC1EN16AutoTypeExecutor4ModeE;0x27190c;0x27192c;0x0;TransmitterType.STORE;10;0;False;['0x27190c'];<BV64 0x8 + x0>;64;[];[];['<BV64 x0>'];[];['<BV64 x0>'];[];[];0;18446744073709551615;18446744073709551615;1;;;True;0;18446744073709551615;18446744073709551615;1;;;True;ControlType.CONTROLLED;0;<BV64 0x8>;64;[];[];[];[];[];[];[];8.0;8.0;0.0;1.0;;;True;8.0;8.0;0.0;1.0;;;True;ControlType.NO_CONTROL;0;<BV64 0x8>;64;[];[];[];[];[];[];[];8;8;0;1.0;;;True;8.0;8.0;0.0;1.0;;;True;ControlType.NO_CONTROL;0;<BV64 x0>;64;[];[];['<BV64 x0>'];[];['<BV64 x0>'];[];[];0.0;1.8446744073709552e+19;18446744073709551615;1;;;True;0.0;1.8446744073709552e+19;18446744073709551615;1;;;True;ControlType.CONTROLLED;0;<BV64 x0>;64;[];[];['<BV64 x0>'];[];['<BV64 x0>'];[];[];0.0;1.8446744073709552e+19;1.8446744073709552e+19;1.0;;;True;0.0;1.8446744073709552e+19;1.8446744073709552e+19;1.0;;;True;ControlType.CONTROLLED;0;<BV64 x0>;64;[];[];[];[];[];[];[];0;0;0;;;;False;0;0;0;;;;False;ControlType.UNKNOWN;0;[];{'regs': [], 'indirect_regs': [], 'direct_regs': [], 'mem': [], 'const_mem': []};[];{'regs': [], 'indirect_regs': [], 'direct_regs': [], 'mem': [], 'const_mem': []};{'regs': ['<BV64 x0>'], 'indirect_regs': [], 'direct_regs': ['<BV64 x0>'], 'mem': [], 'const_mem': []};{'regs': ['<BV64 x0>'], 'indirect_regs': [], 'direct_regs': ['<BV64 x0>'], 'mem': [], 'const_mem': []};63.0;0.0;64.0;64.0;[];;;;BaseControlType.CONSTANT_BASE;BaseControlType.CONSTANT_BASE;BaseControlType.CONSTANT_BASE;0;BranchControlType.BRANCH_INDEPENDENT_FROM_SECRET;BranchControlType.BRANCH_INDEPENDENT_FROM_SECRET;2562348;True;False;True;True;True;False;False;True;True;False;False;False;True;False;True;False;True;False;True;False;[];['has_valid_base'];True;False;True;True;True;False;False;True;True;False;False;False;True;False;True;False;True;False;True;False;[];['has_valid_base']
50691fcb-6617-4a02-94ee-24997458e18b;_ZN12AutoTypeModeC2EN16AutoTypeExecutor4ModeE;0x27190c;0x27192c;0x0;TransmitterType.STORE;10;0;False;['0x27190c'];<BV64 0x8 + x0>;64;[];[];['<BV64 x0>'];[];['<BV64 x0>'];[];[];0;18446744073709551615;18446744073709551615;1;;;True;0;18446744073709551615;18446744073709551615;1;;;True;ControlType.CONTROLLED;0;<BV64 0x8>;64;[];[];[];[];[];[];[];8.0;8.0;0.0;1.0;;;True;8.0;8.0;0.0;1.0;;;True;ControlType.NO_CONTROL;0;<BV64 0x8>;64;[];[];[];[];[];[];[];8;8;0;1.0;;;True;8.0;8.0;0.0;1.0;;;True;ControlType.NO_CONTROL;0;<BV64 x0>;64;[];[];['<BV64 x0>'];[];['<BV64 x0>'];[];[];0.0;1.8446744073709552e+19;18446744073709551615;1;;;True;0.0;1.8446744073709552e+19;18446744073709551615;1;;;True;ControlType.CONTROLLED;0;<BV64 x0>;64;[];[];['<BV64 x0>'];[];['<BV64 x0>'];[];[];0.0;1.8446744073709552e+19;1.8446744073709552e+19;1.0;;;True;0.0;1.8446744073709552e+19;1.8446744073709552e+19;1.0;;;True;ControlType.CONTROLLED;0;<BV64 x0>;64;[];[];[];[];[];[];[];0;0;0;;;;False;0;0;0;;;;False;ControlType.UNKNOWN;0;[];{'regs': [], 'indirect_regs': [], 'direct_regs': [], 'mem': [], 'const_mem': []};[];{'regs': [], 'indirect_regs': [], 'direct_regs': [], 'mem': [], 'const_mem': []};{'regs': ['<BV64 x0>'], 'indirect_regs': [], 'direct_regs': ['<BV64 x0>'], 'mem': [], 'const_mem': []};{'regs': ['<BV64 x0>'], 'indirect_regs': [], 'direct_regs': ['<BV64 x0>'], 'mem': [], 'const_mem': []};63.0;0.0;64.0;64.0;[];;;;BaseControlType.CONSTANT_BASE;BaseControlType.CONSTANT_BASE;BaseControlType.CONSTANT_BASE;0;BranchControlType.BRANCH_INDEPENDENT_FROM_SECRET;BranchControlType.BRANCH_INDEPENDENT_FROM_SECRET;2562348;True;False;True;True;True;False;False;True;True;False;False;False;True;False;True;False;True;False;True;False;[];['has_valid_base'];True;False;True;True;True;False;False;True;True;False;False;False;True;False;True;False;True;False;True;False;[];['has_valid_base']
1287b649-920f-4d63-a207-bbd8f84f9ab6;_ZN13AutoTypeDelayC1Eib;0x2718e0;0x271900;0x0;TransmitterType.STORE;10;0;False;['0x2718e0'];<BV64 0x8 + x0>;64;[];[];['<BV64 x0>'];[];['<BV64 x0>'];[];[];0;18446744073709551615;18446744073709551615;1;;;True;0;18446744073709551615;18446744073709551615;1;;;True;ControlType.CONTROLLED;0;<BV64 0x8>;64;[];[];[];[];[];[];[];8.0;8.0;0.0;1.0;;;True;8.0;8.0;0.0;1.0;;;True;ControlType.NO_CONTROL;0;<BV64 0x8>;64;[];[];[];[];[];[];[];8;8;0;1.0;;;True;8.0;8.0;0.0;1.0;;;True;ControlType.NO_CONTROL;0;<BV64 x0>;64;[];[];['<BV64 x0>'];[];['<BV64 x0>'];[];[];0.0;1.8446744073709552e+19;18446744073709551615;1;;;True;0.0;1.8446744073709552e+19;18446744073709551615;1;;;True;ControlType.CONTROLLED;0;<BV64 x0>;64;[];[];['<BV64 x0>'];[];['<BV64 x0>'];[];[];0.0;1.8446744073709552e+19;1.8446744073709552e+19;1.0;;;True;0.0;1.8446744073709552e+19;1.8446744073709552e+19;1.0;;;True;ControlType.CONTROLLED;0;<BV64 x0>;64;[];[];[];[];[];[];[];0;0;0;;;;False;0;0;0;;;;False;ControlType.UNKNOWN;0;[];{'regs': [], 'indirect_regs': [], 'direct_regs': [], 'mem': [], 'const_mem': []};[];{'regs': [], 'indirect_regs': [], 'direct_regs': [], 'mem': [], 'const_mem': []};{'regs': ['<BV64 x0>'], 'indirect_regs': [], 'direct_regs': ['<BV64 x0>'], 'mem': [], 'const_mem': []};{'regs': ['<BV64 x0>'], 'indirect_regs': [], 'direct_regs': ['<BV64 x0>'], 'mem': [], 'const_mem': []};63.0;0.0;64.0;64.0;[];;;;BaseControlType.CONSTANT_BASE;BaseControlType.CONSTANT_BASE;BaseControlType.CONSTANT_BASE;0;BranchControlType.BRANCH_INDEPENDENT_FROM_SECRET;BranchControlType.BRANCH_INDEPENDENT_FROM_SECRET;2562304;True;False;True;True;True;False;False;True;True;False;False;False;True;False;True;False;True;False;True;False;[];['has_valid_base'];True;False;True;True;True;False;False;True;True;False;False;False;True;False;True;False;True;False;True;False;[];['has_valid_base']
2dca22d1-ebff-4fce-86b7-31346786814c;_ZN13AutoTypeDelayC2Eib;0x2718e0;0x271900;0x0;TransmitterType.STORE;10;0;False;['0x2718e0'];<BV64 0x8 + x0>;64;[];[];['<BV64 x0>'];[];['<BV64 x0>'];[];[];0;18446744073709551615;18446744073709551615;1;;;True;0;18446744073709551615;18446744073709551615;1;;;True;ControlType.CONTROLLED;0;<BV64 0x8>;64;[];[];[];[];[];[];[];8.0;8.0;0.0;1.0;;;True;8.0;8.0;0.0;1.0;;;True;ControlType.NO_CONTROL;0;<BV64 0x8>;64;[];[];[];[];[];[];[];8;8;0;1.0;;;True;8.0;8.0;0.0;1.0;;;True;ControlType.NO_CONTROL;0;<BV64 x0>;64;[];[];['<BV64 x0>'];[];['<BV64 x0>'];[];[];0.0;1.8446744073709552e+19;18446744073709551615;1;;;True;0.0;1.8446744073709552e+19;18446744073709551615;1;;;True;ControlType.CONTROLLED;0;<BV64 x0>;64;[];[];['<BV64 x0>'];[];['<BV64 x0>'];[];[];0.0;1.8446744073709552e+19;1.8446744073709552e+19;1.0;;;True;0.0;1.8446744073709552e+19;1.8446744073709552e+19;1.0;;;True;ControlType.CONTROLLED;0;<BV64 x0>;64;[];[];[];[];[];[];[];0;0;0;;;;False;0;0;0;;;;False;ControlType.UNKNOWN;0;[];{'regs': [], 'indirect_regs': [], 'direct_regs': [], 'mem': [], 'const_mem': []};[];{'regs': [], 'indirect_regs': [], 'direct_regs': [], 'mem': [], 'const_mem': []};{'regs': ['<BV64 x0>'], 'indirect_regs': [], 'direct_regs': ['<BV64 x0>'], 'mem': [], 'const_mem': []};{'regs': ['<BV64 x0>'], 'indirect_regs': [], 'direct_regs': ['<BV64 x0>'], 'mem': [], 'const_mem': []};63.0;0.0;64.0;64.0;[];;;;BaseControlType.CONSTANT_BASE;BaseControlType.CONSTANT_BASE;BaseControlType.CONSTANT_BASE;0;BranchControlType.BRANCH_INDEPENDENT_FROM_SECRET;BranchControlType.BRANCH_INDEPENDENT_FROM_SECRET;2562304;True;False;True;True;True;False;False;True;True;False;False;False;True;False;True;False;True;False;True;False;[];['has_valid_base'];True;False;True;True;True;False;False;True;True;False;False;False;True;False;True;False;True;False;True;False;[];['has_valid_base']
e153cc84-16ff-4e91-bd4d-52c4694fa21d;_ZN11AutoTypeKeyC2EN2Qt3KeyE6QFlagsINS0_16KeyboardModifierEE;0x26fbc0;0x26fbe0;0x0;TransmitterType.STORE;10;0;False;['0x26fbc0'];<BV64 0x8 + x0>;64;[];[];['<BV64 x0>'];[];['<BV64 x0>'];[];[];0;18446744073709551615;18446744073709551615;1;;;True;0;18446744073709551615;18446744073709551615;1;;;True;ControlType.CONTROLLED;0;<BV64 0x8>;64;[];[];[];[];[];[];[];8.0;8.0;0.0;1.0;;;True;8.0;8.0;0.0;1.0;;;True;ControlType.NO_CONTROL;0;<BV64 0x8>;64;[];[];[];[];[];[];[];8;8;0;1.0;;;True;8.0;8.0;0.0;1.0;;;True;ControlType.NO_CONTROL;0;<BV64 x0>;64;[];[];['<BV64 x0>'];[];['<BV64 x0>'];[];[];0.0;1.8446744073709552e+19;18446744073709551615;1;;;True;0.0;1.8446744073709552e+19;18446744073709551615;1;;;True;ControlType.CONTROLLED;0;<BV64 x0>;64;[];[];['<BV64 x0>'];[];['<BV64 x0>'];[];[];0.0;1.8446744073709552e+19;1.8446744073709552e+19;1.0;;;True;0.0;1.8446744073709552e+19;1.8446744073709552e+19;1.0;;;True;ControlType.CONTROLLED;0;<BV64 x0>;64;[];[];[];[];[];[];[];0;0;0;;;;False;0;0;0;;;;False;ControlType.UNKNOWN;0;[];{'regs': [], 'indirect_regs': [], 'direct_regs': [], 'mem': [], 'const_mem': []};[];{'regs': [], 'indirect_regs': [], 'direct_regs': [], 'mem': [], 'const_mem': []};{'regs': ['<BV64 x0>'], 'indirect_regs': [], 'direct_regs': ['<BV64 x0>'], 'mem': [], 'const_mem': []};{'regs': ['<BV64 x0>'], 'indirect_regs': [], 'direct_regs': ['<BV64 x0>'], 'mem': [], 'const_mem': []};63.0;0.0;64.0;64.0;[];;;;BaseControlType.CONSTANT_BASE;BaseControlType.CONSTANT_BASE;BaseControlType.CONSTANT_BASE;0;BranchControlType.BRANCH_INDEPENDENT_FROM_SECRET;BranchControlType.BRANCH_INDEPENDENT_FROM_SECRET;2554848;True;False;True;True;True;False;False;True;True;False;False;False;True;False;True;False;True;False;True;False;[];['has_valid_base'];True;False;True;True;True;False;False;True;True;False;False;False;True;False;True;False;True;False;True;False;[];['has_valid_base']
42e8057a-4239-4870-b15f-eb66fb9aa4b8;_ZNK13AutoTypeDelay4execEP16AutoTypeExecutor;0x26de8c;0x26dea4;0x0;TransmitterType.LOAD;7;0;False;['0x26de8c'];<BV64 0x8 + x0>;64;[];[];['<BV64 x0>'];[];['<BV64 x0>'];[];[];0;18446744073709551615;18446744073709551615;1;;;True;0;18446744073709551615;18446744073709551615;1;;;True;ControlType.CONTROLLED;0;<BV64 0x8>;64;[];[];[];[];[];[];[];8.0;8.0;0.0;1.0;;;True;8.0;8.0;0.0;1.0;;;True;ControlType.NO_CONTROL;0;<BV64 0x8>;64;[];[];[];[];[];[];[];8;8;0;1.0;;;True;8.0;8.0;0.0;1.0;;;True;ControlType.NO_CONTROL;0;<BV64 x0>;64;[];[];['<BV64 x0>'];[];['<BV64 x0>'];[];[];0.0;1.8446744073709552e+19;18446744073709551615;1;;;True;0.0;1.8446744073709552e+19;18446744073709551615;1;;;True;ControlType.CONTROLLED;0;<BV64 x0>;64;[];[];['<BV64 x0>'];[];['<BV64 x0>'];[];[];0.0;1.8446744073709552e+19;1.8446744073709552e+19;1.0;;;True;0.0;1.8446744073709552e+19;1.8446744073709552e+19;1.0;;;True;ControlType.CONTROLLED;0;<BV64 x0>;64;[];[];[];[];[];[];[];0;0;0;;;;False;0;0;0;;;;False;ControlType.UNKNOWN;0;[];{'regs': [], 'indirect_regs': [], 'direct_regs': [], 'mem': [], 'const_mem': []};[];{'regs': [], 'indirect_regs': [], 'direct_regs': [], 'mem': [], 'const_mem': []};{'regs': ['<BV64 x0>'], 'indirect_regs': [], 'direct_regs': ['<BV64 x0>'], 'mem': [], 'const_mem': []};{'regs': ['<BV64 x0>'], 'indirect_regs': [], 'direct_regs': ['<BV64 x0>'], 'mem': [], 'const_mem': []};63.0;0.0;64.0;64.0;[];;;;BaseControlType.CONSTANT_BASE;BaseControlType.CONSTANT_BASE;BaseControlType.CONSTANT_BASE;0;BranchControlType.BRANCH_INDEPENDENT_FROM_SECRET;BranchControlType.BRANCH_INDEPENDENT_FROM_SECRET;2547364;True;False;True;True;True;False;False;True;True;False;False;False;True;False;True;False;True;False;True;False;[];['has_valid_base'];True;False;True;True;True;False;False;True;True;False;False;False;True;False;True;False;True;False;True;False;[];['has_valid_base']
af21e04e-b51a-46e7-82da-1f39d6bc8dda;_ZN11AutoTypeKeyC2ERK5QChar6QFlagsIN2Qt16KeyboardModifierEE;0x26fb80;0x26fba8;0x0;TransmitterType.STORE;12;0;False;['0x26fb80'];<BV64 0x8 + x0>;64;[];[];['<BV64 x0>'];[];['<BV64 x0>'];[];[];0;18446744073709551615;18446744073709551615;1;;;True;0;18446744073709551615;18446744073709551615;1;;;True;ControlType.CONTROLLED;0;<BV64 0x8>;64;[];[];[];[];[];[];[];8.0;8.0;0.0;1.0;;;True;8.0;8.0;0.0;1.0;;;True;ControlType.NO_CONTROL;0;<BV64 0x8>;64;[];[];[];[];[];[];[];8;8;0;1.0;;;True;8.0;8.0;0.0;1.0;;;True;ControlType.NO_CONTROL;0;<BV64 x0>;64;[];[];['<BV64 x0>'];[];['<BV64 x0>'];[];[];0.0;1.8446744073709552e+19;18446744073709551615;1;;;True;0.0;1.8446744073709552e+19;18446744073709551615;1;;;True;ControlType.CONTROLLED;0;<BV64 x0>;64;[];[];['<BV64 x0>'];[];['<BV64 x0>'];[];[];0.0;1.8446744073709552e+19;1.8446744073709552e+19;1.0;;;True;0.0;1.8446744073709552e+19;1.8446744073709552e+19;1.0;;;True;ControlType.CONTROLLED;0;<BV64 x0>;64;[];[];[];[];[];[];[];0;0;0;;;;False;0;0;0;;;;False;ControlType.UNKNOWN;0;[];{'regs': [], 'indirect_regs': [], 'direct_regs': [], 'mem': [], 'const_mem': []};[];{'regs': [], 'indirect_regs': [], 'direct_regs': [], 'mem': [], 'const_mem': []};{'regs': ['<BV64 x0>'], 'indirect_regs': [], 'direct_regs': ['<BV64 x0>'], 'mem': [], 'const_mem': []};{'regs': ['<BV64 x0>'], 'indirect_regs': [], 'direct_regs': ['<BV64 x0>'], 'mem': [], 'const_mem': []};63.0;0.0;64.0;64.0;[];;;;BaseControlType.CONSTANT_BASE;BaseControlType.CONSTANT_BASE;BaseControlType.CONSTANT_BASE;0;BranchControlType.BRANCH_INDEPENDENT_FROM_SECRET;BranchControlType.BRANCH_INDEPENDENT_FROM_SECRET;2554792;True;False;True;True;True;False;False;True;True;False;False;False;True;False;True;False;True;False;True;False;[];['has_valid_base'];True;False;True;True;True;False;False;True;True;False;False;False;True;False;True;False;True;False;True;False;[];['has_valid_base']
9309a2ad-f1c7-4238-9fe6-a6d7aa7bef5d;_ZN11AutoTypeKeyC1ERK5QChar6QFlagsIN2Qt16KeyboardModifierEE;0x26fb80;0x26fba8;0x0;TransmitterType.STORE;12;0;False;['0x26fb80'];<BV64 0x8 + x0>;64;[];[];['<BV64 x0>'];[];['<BV64 x0>'];[];[];0;18446744073709551615;18446744073709551615;1;;;True;0;18446744073709551615;18446744073709551615;1;;;True;ControlType.CONTROLLED;0;<BV64 0x8>;64;[];[];[];[];[];[];[];8.0;8.0;0.0;1.0;;;True;8.0;8.0;0.0;1.0;;;True;ControlType.NO_CONTROL;0;<BV64 0x8>;64;[];[];[];[];[];[];[];8;8;0;1.0;;;True;8.0;8.0;0.0;1.0;;;True;ControlType.NO_CONTROL;0;<BV64 x0>;64;[];[];['<BV64 x0>'];[];['<BV64 x0>'];[];[];0.0;1.8446744073709552e+19;18446744073709551615;1;;;True;0.0;1.8446744073709552e+19;18446744073709551615;1;;;True;ControlType.CONTROLLED;0;<BV64 x0>;64;[];[];['<BV64 x0>'];[];['<BV64 x0>'];[];[];0.0;1.8446744073709552e+19;1.8446744073709552e+19;1.0;;;True;0.0;1.8446744073709552e+19;1.8446744073709552e+19;1.0;;;True;ControlType.CONTROLLED;0;<BV64 x0>;64;[];[];[];[];[];[];[];0;0;0;;;;False;0;0;0;;;;False;ControlType.UNKNOWN;0;[];{'regs': [], 'indirect_regs': [], 'direct_regs': [], 'mem': [], 'const_mem': []};[];{'regs': [], 'indirect_regs': [], 'direct_regs': [], 'mem': [], 'const_mem': []};{'regs': ['<BV64 x0>'], 'indirect_regs': [], 'direct_regs': ['<BV64 x0>'], 'mem': [], 'const_mem': []};{'regs': ['<BV64 x0>'], 'indirect_regs': [], 'direct_regs': ['<BV64 x0>'], 'mem': [], 'const_mem': []};63.0;0.0;64.0;64.0;[];;;;BaseControlType.CONSTANT_BASE;BaseControlType.CONSTANT_BASE;BaseControlType.CONSTANT_BASE;0;BranchControlType.BRANCH_INDEPENDENT_FROM_SECRET;BranchControlType.BRANCH_INDEPENDENT_FROM_SECRET;2554792;True;False;True;True;True;False;False;True;True;False;False;False;True;False;True;False;True;False;True;False;[];['has_valid_base'];True;False;True;True;True;False;False;True;True;False;False;False;True;False;True;False;True;False;True;False;[];['has_valid_base']
179efebb-df17-4aa9-9995-77a2f5cad48d;_ZN11AutoTypeKeyC1EN2Qt3KeyE6QFlagsINS0_16KeyboardModifierEE;0x26fbc0;0x26fbe4;0x0;TransmitterType.STORE;11;0;False;['0x26fbc0'];<BV64 0xc + x0>;64;[];[];['<BV64 x0>'];[];['<BV64 x0>'];[];[];0;18446744073709551615;18446744073709551615;1;;;True;0;18446744073709551615;18446744073709551615;1;;;True;ControlType.CONTROLLED;0;<BV64 0xc>;64;[];[];[];[];[];[];[];12.0;12.0;0.0;1.0;;;True;12.0;12.0;0.0;1.0;;;True;ControlType.NO_CONTROL;0;<BV64 0xc>;64;[];[];[];[];[];[];[];12;12;0;1.0;;;True;12.0;12.0;0.0;1.0;;;True;ControlType.NO_CONTROL;0;<BV64 x0>;64;[];[];['<BV64 x0>'];[];['<BV64 x0>'];[];[];0.0;1.8446744073709552e+19;18446744073709551615;1;;;True;0.0;1.8446744073709552e+19;18446744073709551615;1;;;True;ControlType.CONTROLLED;0;<BV64 x0>;64;[];[];['<BV64 x0>'];[];['<BV64 x0>'];[];[];0.0;1.8446744073709552e+19;1.8446744073709552e+19;1.0;;;True;0.0;1.8446744073709552e+19;1.8446744073709552e+19;1.0;;;True;ControlType.CONTROLLED;0;<BV64 x0>;64;[];[];[];[];[];[];[];0;0;0;;;;False;0;0;0;;;;False;ControlType.UNKNOWN;0;[];{'regs': [], 'indirect_regs': [], 'direct_regs': [], 'mem': [], 'const_mem': []};[];{'regs': [], 'indirect_regs': [], 'direct_regs': [], 'mem': [], 'const_mem': []};{'regs': ['<BV64 x0>'], 'indirect_regs': [], 'direct_regs': ['<BV64 x0>'], 'mem': [], 'const_mem': []};{'regs': ['<BV64 x0>'], 'indirect_regs': [], 'direct_regs': ['<BV64 x0>'], 'mem': [], 'const_mem': []};63.0;0.0;64.0;64.0;[];;;;BaseControlType.CONSTANT_BASE;BaseControlType.CONSTANT_BASE;BaseControlType.CONSTANT_BASE;0;BranchControlType.BRANCH_INDEPENDENT_FROM_SECRET;BranchControlType.BRANCH_INDEPENDENT_FROM_SECRET;2554852;True;False;True;True;True;False;False;True;True;False;False;False;True;False;True;False;True;False;True;False;[];['has_valid_base'];True;False;True;True;True;False;False;True;True;False;False;False;True;False;True;False;True;False;True;False;[];['has_valid_base']
70840f7a-a91d-4274-a350-b0933a0af920;_ZN13AutoTypeDelayC1Eib;0x2718e0;0x271904;0x0;TransmitterType.STORE;11;0;False;['0x2718e0'];<BV64 0xc + x0>;64;[];[];['<BV64 x0>'];[];['<BV64 x0>'];[];[];0;18446744073709551615;18446744073709551615;1;;;True;0;18446744073709551615;18446744073709551615;1;;;True;ControlType.CONTROLLED;0;<BV64 0xc>;64;[];[];[];[];[];[];[];12.0;12.0;0.0;1.0;;;True;12.0;12.0;0.0;1.0;;;True;ControlType.NO_CONTROL;0;<BV64 0xc>;64;[];[];[];[];[];[];[];12;12;0;1.0;;;True;12.0;12.0;0.0;1.0;;;True;ControlType.NO_CONTROL;0;<BV64 x0>;64;[];[];['<BV64 x0>'];[];['<BV64 x0>'];[];[];0.0;1.8446744073709552e+19;18446744073709551615;1;;;True;0.0;1.8446744073709552e+19;18446744073709551615;1;;;True;ControlType.CONTROLLED;0;<BV64 x0>;64;[];[];['<BV64 x0>'];[];['<BV64 x0>'];[];[];0.0;1.8446744073709552e+19;1.8446744073709552e+19;1.0;;;True;0.0;1.8446744073709552e+19;1.8446744073709552e+19;1.0;;;True;ControlType.CONTROLLED;0;<BV64 x0>;64;[];[];[];[];[];[];[];0;0;0;;;;False;0;0;0;;;;False;ControlType.UNKNOWN;0;[];{'regs': [], 'indirect_regs': [], 'direct_regs': [], 'mem': [], 'const_mem': []};[];{'regs': [], 'indirect_regs': [], 'direct_regs': [], 'mem': [], 'const_mem': []};{'regs': ['<BV64 x0>'], 'indirect_regs': [], 'direct_regs': ['<BV64 x0>'], 'mem': [], 'const_mem': []};{'regs': ['<BV64 x0>'], 'indirect_regs': [], 'direct_regs': ['<BV64 x0>'], 'mem': [], 'const_mem': []};63.0;0.0;64.0;64.0;[];;;;BaseControlType.CONSTANT_BASE;BaseControlType.CONSTANT_BASE;BaseControlType.CONSTANT_BASE;0;BranchControlType.BRANCH_INDEPENDENT_FROM_SECRET;BranchControlType.BRANCH_INDEPENDENT_FROM_SECRET;2562308;True;False;True;True;True;False;False;True;True;False;False;False;True;False;True;False;True;False;True;False;[];['has_valid_base'];True;False;True;True;True;False;False;True;True;False;False;False;True;False;True;False;True;False;True;False;[];['has_valid_base']
2985ef6b-84df-4806-a764-db06b3bc14ba;_ZN13AutoTypeDelayC2Eib;0x2718e0;0x271904;0x0;TransmitterType.STORE;11;0;False;['0x2718e0'];<BV64 0xc + x0>;64;[];[];['<BV64 x0>'];[];['<BV64 x0>'];[];[];0;18446744073709551615;18446744073709551615;1;;;True;0;18446744073709551615;18446744073709551615;1;;;True;ControlType.CONTROLLED;0;<BV64 0xc>;64;[];[];[];[];[];[];[];12.0;12.0;0.0;1.0;;;True;12.0;12.0;0.0;1.0;;;True;ControlType.NO_CONTROL;0;<BV64 0xc>;64;[];[];[];[];[];[];[];12;12;0;1.0;;;True;12.0;12.0;0.0;1.0;;;True;ControlType.NO_CONTROL;0;<BV64 x0>;64;[];[];['<BV64 x0>'];[];['<BV64 x0>'];[];[];0.0;1.8446744073709552e+19;18446744073709551615;1;;;True;0.0;1.8446744073709552e+19;18446744073709551615;1;;;True;ControlType.CONTROLLED;0;<BV64 x0>;64;[];[];['<BV64 x0>'];[];['<BV64 x0>'];[];[];0.0;1.8446744073709552e+19;1.8446744073709552e+19;1.0;;;True;0.0;1.8446744073709552e+19;1.8446744073709552e+19;1.0;;;True;ControlType.CONTROLLED;0;<BV64 x0>;64;[];[];[];[];[];[];[];0;0;0;;;;False;0;0;0;;;;False;ControlType.UNKNOWN;0;[];{'regs': [], 'indirect_regs': [], 'direct_regs': [], 'mem': [], 'const_mem': []};[];{'regs': [], 'indirect_regs': [], 'direct_regs': [], 'mem': [], 'const_mem': []};{'regs': ['<BV64 x0>'], 'indirect_regs': [], 'direct_regs': ['<BV64 x0>'], 'mem': [], 'const_mem': []};{'regs': ['<BV64 x0>'], 'indirect_regs': [], 'direct_regs': ['<BV64 x0>'], 'mem': [], 'const_mem': []};63.0;0.0;64.0;64.0;[];;;;BaseControlType.CONSTANT_BASE;BaseControlType.CONSTANT_BASE;BaseControlType.CONSTANT_BASE;0;BranchControlType.BRANCH_INDEPENDENT_FROM_SECRET;BranchControlType.BRANCH_INDEPENDENT_FROM_SECRET;2562308;True;False;True;True;True;False;False;True;True;False;False;False;True;False;True;False;True;False;True;False;[];['has_valid_base'];True;False;True;True;True;False;False;True;True;False;False;False;True;False;True;False;True;False;True;False;[];['has_valid_base']
832161b8-b0a7-4dc3-9f57-75ce56b6a282;_ZNK18AutoTypeClearField4execEP16AutoTypeExecutor;0x26d540;0x26d580;0x26d57c;TransmitterType.CODE_LOAD;17;2;False;['0x26d540'];<BV64 LOAD_64[<BV64 LOAD_64[<BV64 x1>]_23 + 0x20>]_27>;64;[];[];['<BV64 x1>'];"[""<BV64 x1>: ['0x0']""]";[];['<BV64 LOAD_64[<BV64 x1>]_23 + 0x20>', '<BV64 x1>'];[];0;18446744073709551615;18446744073709551615;1;;;True;0;18446744073709551615;18446744073709551615;1;;;True;ControlType.CONTROLLED;2;;0;[];[];[];[];[];[];[];0.0;0.0;0.0;0.0;;;False;0.0;0.0;0.0;0.0;;;False;ControlType.UNKNOWN;0;;0;[];[];[];[];[];[];[];0;0;0;;;;False;0.0;0.0;0.0;0.0;;;False;ControlType.UNKNOWN;0;<BV64 LOAD_64[<BV64 LOAD_64[<BV64 x1>]_23 + 0x20>]_27>;64;[];[];['<BV64 x1>'];"[""<BV64 x1>: ['0x0']""]";[];['<BV64 LOAD_64[<BV64 x1>]_23 + 0x20>', '<BV64 x1>'];[];0.0;1.8446744073709552e+19;18446744073709551615;1;;;True;0.0;1.8446744073709552e+19;18446744073709551615;1;;;True;ControlType.CONTROLLED;2;<BV64 LOAD_64[<BV64 x1>]_23 + 0x20>;64;[];[];['<BV64 x1>'];"[""<BV64 x1>: ['0x0']""]";[];['<BV64 x1>'];[];0.0;1.8446744073709552e+19;1.8446744073709552e+19;1.0;;;True;0.0;1.8446744073709552e+19;1.8446744073709552e+19;1.0;;;True;ControlType.CONTROLLED;1;<BV64 LOAD_64[<BV64 LOAD_64[<BV64 x1>]_23 + 0x20>]_27>;64;[];[];[];[];[];[];[];0;0;0;;;;False;0;0;0;;;;False;ControlType.UNKNOWN;2;[];{'regs': [], 'indirect_regs': [], 'direct_regs': [], 'mem': [], 'const_mem': []};[];{'regs': [], 'indirect_regs': [], 'direct_regs': [], 'mem': [], 'const_mem': []};"{'regs': ['<BV64 x1>'], 'indirect_regs': [""<BV64 x1>: ['0x0', '0x0']""], 'direct_regs': [], 'mem': ['<BV64 LOAD_64[<BV64 x1>]_23 + 0x20>', '<BV64 x1>'], 'const_mem': []}";"{'regs': ['<BV64 x1>'], 'indirect_regs': [""<BV64 x1>: ['0x0', '0x0']""], 'direct_regs': [], 'mem': ['<BV64 LOAD_64[<BV64 x1>]_23 + 0x20>', '<BV64 x1>'], 'const_mem': []}";63.0;0.0;64.0;64.0;[];;;;BaseControlType.NO_BASE;BaseControlType.NO_BASE;BaseControlType.NO_BASE;0;BranchControlType.BRANCH_INDEPENDENT_FROM_SECRET;BranchControlType.BRANCH_INDEPENDENT_FROM_SECRET;2545024;True;False;True;True;True;False;False;True;True;False;False;False;True;False;True;False;True;False;True;False;[];['has_valid_base'];True;False;True;True;True;False;False;True;True;False;False;False;True;False;True;False;True;False;True;False;[];['has_valid_base']
aeba03d4-32f1-4bdd-a9d2-d88d8dc6d51e;_ZNK11AutoTypeKey4execEP16AutoTypeExecutor;0x26d4c0;0x26d500;0x26d4fc;TransmitterType.CODE_LOAD;17;2;False;['0x26d4c0'];<BV64 LOAD_64[<BV64 LOAD_64[<BV64 x1>]_23 + 0x18>]_27>;64;[];[];['<BV64 x1>'];"[""<BV64 x1>: ['0x0']""]";[];['<BV64 LOAD_64[<BV64 x1>]_23 + 0x18>', '<BV64 x1>'];[];0;18446744073709551615;18446744073709551615;1;;;True;0;18446744073709551615;18446744073709551615;1;;;True;ControlType.CONTROLLED;2;;0;[];[];[];[];[];[];[];0.0;0.0;0.0;0.0;;;False;0.0;0.0;0.0;0.0;;;False;ControlType.UNKNOWN;0;;0;[];[];[];[];[];[];[];0;0;0;;;;False;0.0;0.0;0.0;0.0;;;False;ControlType.UNKNOWN;0;<BV64 LOAD_64[<BV64 LOAD_64[<BV64 x1>]_23 + 0x18>]_27>;64;[];[];['<BV64 x1>'];"[""<BV64 x1>: ['0x0']""]";[];['<BV64 LOAD_64[<BV64 x1>]_23 + 0x18>', '<BV64 x1>'];[];0.0;1.8446744073709552e+19;18446744073709551615;1;;;True;0.0;1.8446744073709552e+19;18446744073709551615;1;;;True;ControlType.CONTROLLED;2;<BV64 LOAD_64[<BV64 x1>]_23 + 0x18>;64;[];[];['<BV64 x1>'];"[""<BV64 x1>: ['0x0']""]";[];['<BV64 x1>'];[];0.0;1.8446744073709552e+19;1.8446744073709552e+19;1.0;;;True;0.0;1.8446744073709552e+19;1.8446744073709552e+19;1.0;;;True;ControlType.CONTROLLED;1;<BV64 LOAD_64[<BV64 LOAD_64[<BV64 x1>]_23 + 0x18>]_27>;64;[];[];[];[];[];[];[];0;0;0;;;;False;0;0;0;;;;False;ControlType.UNKNOWN;2;[];{'regs': [], 'indirect_regs': [], 'direct_regs': [], 'mem': [], 'const_mem': []};[];{'regs': [], 'indirect_regs': [], 'direct_regs': [], 'mem': [], 'const_mem': []};"{'regs': ['<BV64 x1>'], 'indirect_regs': [""<BV64 x1>: ['0x0', '0x0']""], 'direct_regs': [], 'mem': ['<BV64 LOAD_64[<BV64 x1>]_23 + 0x18>', '<BV64 x1>'], 'const_mem': []}";"{'regs': ['<BV64 x1>'], 'indirect_regs': [""<BV64 x1>: ['0x0', '0x0']""], 'direct_regs': [], 'mem': ['<BV64 LOAD_64[<BV64 x1>]_23 + 0x18>', '<BV64 x1>'], 'const_mem': []}";63.0;0.0;64.0;64.0;[];;;;BaseControlType.NO_BASE;BaseControlType.NO_BASE;BaseControlType.NO_BASE;0;BranchControlType.BRANCH_INDEPENDENT_FROM_SECRET;BranchControlType.BRANCH_INDEPENDENT_FROM_SECRET;2544896;True;False;True;True;True;False;False;True;True;False;False;False;True;False;True;False;True;False;True;False;[];['has_valid_base'];True;False;True;True;True;False;False;True;True;False;False;False;True;False;True;False;True;False;True;False;[];['has_valid_base']
d32986b0-174d-4240-b979-1c4205454a8f;_ZNK13AutoTypeBegin4execEP16AutoTypeExecutor;0x26d5c0;0x26d600;0x26d5fc;TransmitterType.CODE_LOAD;17;2;False;['0x26d5c0'];<BV64 LOAD_64[<BV64 LOAD_64[<BV64 x1>]_23 + 0x10>]_27>;64;[];[];['<BV64 x1>'];"[""<BV64 x1>: ['0x0']""]";[];['<BV64 LOAD_64[<BV64 x1>]_23 + 0x10>', '<BV64 x1>'];[];0;18446744073709551615;18446744073709551615;1;;;True;0;18446744073709551615;18446744073709551615;1;;;True;ControlType.CONTROLLED;2;;0;[];[];[];[];[];[];[];0.0;0.0;0.0;0.0;;;False;0.0;0.0;0.0;0.0;;;False;ControlType.UNKNOWN;0;;0;[];[];[];[];[];[];[];0;0;0;;;;False;0.0;0.0;0.0;0.0;;;False;ControlType.UNKNOWN;0;<BV64 LOAD_64[<BV64 LOAD_64[<BV64 x1>]_23 + 0x10>]_27>;64;[];[];['<BV64 x1>'];"[""<BV64 x1>: ['0x0']""]";[];['<BV64 LOAD_64[<BV64 x1>]_23 + 0x10>', '<BV64 x1>'];[];0.0;1.8446744073709552e+19;18446744073709551615;1;;;True;0.0;1.8446744073709552e+19;18446744073709551615;1;;;True;ControlType.CONTROLLED;2;<BV64 LOAD_64[<BV64 x1>]_23 + 0x10>;64;[];[];['<BV64 x1>'];"[""<BV64 x1>: ['0x0']""]";[];['<BV64 x1>'];[];0.0;1.8446744073709552e+19;1.8446744073709552e+19;1.0;;;True;0.0;1.8446744073709552e+19;1.8446744073709552e+19;1.0;;;True;ControlType.CONTROLLED;1;<BV64 LOAD_64[<BV64 LOAD_64[<BV64 x1>]_23 + 0x10>]_27>;64;[];[];[];[];[];[];[];0;0;0;;;;False;0;0;0;;;;False;ControlType.UNKNOWN;2;[];{'regs': [], 'indirect_regs': [], 'direct_regs': [], 'mem': [], 'const_mem': []};[];{'regs': [], 'indirect_regs': [], 'direct_regs': [], 'mem': [], 'const_mem': []};"{'regs': ['<BV64 x1>'], 'indirect_regs': [""<BV64 x1>: ['0x0', '0x0']""], 'direct_regs': [], 'mem': ['<BV64 LOAD_64[<BV64 x1>]_23 + 0x10>', '<BV64 x1>'], 'const_mem': []}";"{'regs': ['<BV64 x1>'], 'indirect_regs': [""<BV64 x1>: ['0x0', '0x0']""], 'direct_regs': [], 'mem': ['<BV64 LOAD_64[<BV64 x1>]_23 + 0x10>', '<BV64 x1>'], 'const_mem': []}";63.0;0.0;64.0;64.0;[];;;;BaseControlType.NO_BASE;BaseControlType.NO_BASE;BaseControlType.NO_BASE;0;BranchControlType.BRANCH_INDEPENDENT_FROM_SECRET;BranchControlType.BRANCH_INDEPENDENT_FROM_SECRET;2545152;True;False;True;True;True;False;False;True;True;False;False;False;True;False;True;False;True;False;True;False;[];['has_valid_base'];True;False;True;True;True;False;False;True;True;False;False;False;True;False;True;False;True;False;True;False;[];['has_valid_base']
5bede18f-4f1d-449a-b68a-cacbb46e6dac;_ZN11AutoTypeKeyC2EN2Qt3KeyE6QFlagsINS0_16KeyboardModifierEE;0x26fbc0;0x26fbe4;0x0;TransmitterType.STORE;11;0;False;['0x26fbc0'];<BV64 0xc + x0>;64;[];[];['<BV64 x0>'];[];['<BV64 x0>'];[];[];0;18446744073709551615;18446744073709551615;1;;;True;0;18446744073709551615;18446744073709551615;1;;;True;ControlType.CONTROLLED;0;<BV64 0xc>;64;[];[];[];[];[];[];[];12.0;12.0;0.0;1.0;;;True;12.0;12.0;0.0;1.0;;;True;ControlType.NO_CONTROL;0;<BV64 0xc>;64;[];[];[];[];[];[];[];12;12;0;1.0;;;True;12.0;12.0;0.0;1.0;;;True;ControlType.NO_CONTROL;0;<BV64 x0>;64;[];[];['<BV64 x0>'];[];['<BV64 x0>'];[];[];0.0;1.8446744073709552e+19;18446744073709551615;1;;;True;0.0;1.8446744073709552e+19;18446744073709551615;1;;;True;ControlType.CONTROLLED;0;<BV64 x0>;64;[];[];['<BV64 x0>'];[];['<BV64 x0>'];[];[];0.0;1.8446744073709552e+19;1.8446744073709552e+19;1.0;;;True;0.0;1.8446744073709552e+19;1.8446744073709552e+19;1.0;;;True;ControlType.CONTROLLED;0;<BV64 x0>;64;[];[];[];[];[];[];[];0;0;0;;;;False;0;0;0;;;;False;ControlType.UNKNOWN;0;[];{'regs': [], 'indirect_regs': [], 'direct_regs': [], 'mem': [], 'const_mem': []};[];{'regs': [], 'indirect_regs': [], 'direct_regs': [], 'mem': [], 'const_mem': []};{'regs': ['<BV64 x0>'], 'indirect_regs': [], 'direct_regs': ['<BV64 x0>'], 'mem': [], 'const_mem': []};{'regs': ['<BV64 x0>'], 'indirect_regs': [], 'direct_regs': ['<BV64 x0>'], 'mem': [], 'const_mem': []};63.0;0.0;64.0;64.0;[];;;;BaseControlType.CONSTANT_BASE;BaseControlType.CONSTANT_BASE;BaseControlType.CONSTANT_BASE;0;BranchControlType.BRANCH_INDEPENDENT_FROM_SECRET;BranchControlType.BRANCH_INDEPENDENT_FROM_SECRET;2554852;True;False;True;True;True;False;False;True;True;False;False;False;True;False;True;False;True;False;True;False;[];['has_valid_base'];True;False;True;True;True;False;False;True;True;False;False;False;True;False;True;False;True;False;True;False;[];['has_valid_base']
6983bed2-1fe2-4055-92d0-1ff7724c1adb;_ZN11AutoTypeKeyC2ERK5QChar6QFlagsIN2Qt16KeyboardModifierEE;0x26fb80;0x26fbac;0x0;TransmitterType.STORE;13;0;False;['0x26fb80'];<BV64 0xc + x0>;64;[];[];['<BV64 x0>'];[];['<BV64 x0>'];[];[];0;18446744073709551615;18446744073709551615;1;;;True;0;18446744073709551615;18446744073709551615;1;;;True;ControlType.CONTROLLED;0;<BV64 0xc>;64;[];[];[];[];[];[];[];12.0;12.0;0.0;1.0;;;True;12.0;12.0;0.0;1.0;;;True;ControlType.NO_CONTROL;0;<BV64 0xc>;64;[];[];[];[];[];[];[];12;12;0;1.0;;;True;12.0;12.0;0.0;1.0;;;True;ControlType.NO_CONTROL;0;<BV64 x0>;64;[];[];['<BV64 x0>'];[];['<BV64 x0>'];[];[];0.0;1.8446744073709552e+19;18446744073709551615;1;;;True;0.0;1.8446744073709552e+19;18446744073709551615;1;;;True;ControlType.CONTROLLED;0;<BV64 x0>;64;[];[];['<BV64 x0>'];[];['<BV64 x0>'];[];[];0.0;1.8446744073709552e+19;1.8446744073709552e+19;1.0;;;True;0.0;1.8446744073709552e+19;1.8446744073709552e+19;1.0;;;True;ControlType.CONTROLLED;0;<BV64 x0>;64;[];[];[];[];[];[];[];0;0;0;;;;False;0;0;0;;;;False;ControlType.UNKNOWN;0;[];{'regs': [], 'indirect_regs': [], 'direct_regs': [], 'mem': [], 'const_mem': []};[];{'regs': [], 'indirect_regs': [], 'direct_regs': [], 'mem': [], 'const_mem': []};{'regs': ['<BV64 x0>'], 'indirect_regs': [], 'direct_regs': ['<BV64 x0>'], 'mem': [], 'const_mem': []};{'regs': ['<BV64 x0>'], 'indirect_regs': [], 'direct_regs': ['<BV64 x0>'], 'mem': [], 'const_mem': []};63.0;0.0;64.0;64.0;[];;;;BaseControlType.CONSTANT_BASE;BaseControlType.CONSTANT_BASE;BaseControlType.CONSTANT_BASE;0;BranchControlType.BRANCH_INDEPENDENT_FROM_SECRET;BranchControlType.BRANCH_INDEPENDENT_FROM_SECRET;2554796;True;False;True;True;True;False;False;True;True;False;False;False;True;False;True;False;True;False;True;False;[];['has_valid_base'];True;False;True;True;True;False;False;True;True;False;False;False;True;False;True;False;True;False;True;False;[];['has_valid_base']
c5836b3c-430d-471b-8c15-9efc14ac8676;_ZN11AutoTypeKeyC1ERK5QChar6QFlagsIN2Qt16KeyboardModifierEE;0x26fb80;0x26fbac;0x0;TransmitterType.STORE;13;0;False;['0x26fb80'];<BV64 0xc + x0>;64;[];[];['<BV64 x0>'];[];['<BV64 x0>'];[];[];0;18446744073709551615;18446744073709551615;1;;;True;0;18446744073709551615;18446744073709551615;1;;;True;ControlType.CONTROLLED;0;<BV64 0xc>;64;[];[];[];[];[];[];[];12.0;12.0;0.0;1.0;;;True;12.0;12.0;0.0;1.0;;;True;ControlType.NO_CONTROL;0;<BV64 0xc>;64;[];[];[];[];[];[];[];12;12;0;1.0;;;True;12.0;12.0;0.0;1.0;;;True;ControlType.NO_CONTROL;0;<BV64 x0>;64;[];[];['<BV64 x0>'];[];['<BV64 x0>'];[];[];0.0;1.8446744073709552e+19;18446744073709551615;1;;;True;0.0;1.8446744073709552e+19;18446744073709551615;1;;;True;ControlType.CONTROLLED;0;<BV64 x0>;64;[];[];['<BV64 x0>'];[];['<BV64 x0>'];[];[];0.0;1.8446744073709552e+19;1.8446744073709552e+19;1.0;;;True;0.0;1.8446744073709552e+19;1.8446744073709552e+19;1.0;;;True;ControlType.CONTROLLED;0;<BV64 x0>;64;[];[];[];[];[];[];[];0;0;0;;;;False;0;0;0;;;;False;ControlType.UNKNOWN;0;[];{'regs': [], 'indirect_regs': [], 'direct_regs': [], 'mem': [], 'const_mem': []};[];{'regs': [], 'indirect_regs': [], 'direct_regs': [], 'mem': [], 'const_mem': []};{'regs': ['<BV64 x0>'], 'indirect_regs': [], 'direct_regs': ['<BV64 x0>'], 'mem': [], 'const_mem': []};{'regs': ['<BV64 x0>'], 'indirect_regs': [], 'direct_regs': ['<BV64 x0>'], 'mem': [], 'const_mem': []};63.0;0.0;64.0;64.0;[];;;;BaseControlType.CONSTANT_BASE;BaseControlType.CONSTANT_BASE;BaseControlType.CONSTANT_BASE;0;BranchControlType.BRANCH_INDEPENDENT_FROM_SECRET;BranchControlType.BRANCH_INDEPENDENT_FROM_SECRET;2554796;True;False;True;True;True;False;False;True;True;False;False;False;True;False;True;False;True;False;True;False;[];['has_valid_base'];True;False;True;True;True;False;False;True;True;False;False;False;True;False;True;False;True;False;True;False;[];['has_valid_base']
71d6e367-e081-4a67-8cc6-739409782846;_ZN11AutoTypeKeyC1EN2Qt3KeyE6QFlagsINS0_16KeyboardModifierEE;0x26fbc0;0x26fbe4;0x0;TransmitterType.STORE;11;0;False;['0x26fbc0'];<BV64 0x10 + x0>;64;[];[];['<BV64 x0>'];[];['<BV64 x0>'];[];[];0;18446744073709551615;18446744073709551615;1;;;True;0;18446744073709551615;18446744073709551615;1;;;True;ControlType.CONTROLLED;0;<BV64 0x10>;64;[];[];[];[];[];[];[];16.0;16.0;0.0;1.0;;;True;16.0;16.0;0.0;1.0;;;True;ControlType.NO_CONTROL;0;<BV64 0x10>;64;[];[];[];[];[];[];[];16;16;0;1.0;;;True;16.0;16.0;0.0;1.0;;;True;ControlType.NO_CONTROL;0;<BV64 x0>;64;[];[];['<BV64 x0>'];[];['<BV64 x0>'];[];[];0.0;1.8446744073709552e+19;18446744073709551615;1;;;True;0.0;1.8446744073709552e+19;18446744073709551615;1;;;True;ControlType.CONTROLLED;0;<BV64 x0>;64;[];[];['<BV64 x0>'];[];['<BV64 x0>'];[];[];0.0;1.8446744073709552e+19;1.8446744073709552e+19;1.0;;;True;0.0;1.8446744073709552e+19;1.8446744073709552e+19;1.0;;;True;ControlType.CONTROLLED;0;<BV64 x0>;64;[];[];[];[];[];[];[];0;0;0;;;;False;0;0;0;;;;False;ControlType.UNKNOWN;0;[];{'regs': [], 'indirect_regs': [], 'direct_regs': [], 'mem': [], 'const_mem': []};[];{'regs': [], 'indirect_regs': [], 'direct_regs': [], 'mem': [], 'const_mem': []};{'regs': ['<BV64 x0>'], 'indirect_regs': [], 'direct_regs': ['<BV64 x0>'], 'mem': [], 'const_mem': []};{'regs': ['<BV64 x0>'], 'indirect_regs': [], 'direct_regs': ['<BV64 x0>'], 'mem': [], 'const_mem': []};63.0;0.0;64.0;64.0;[];;;;BaseControlType.CONSTANT_BASE;BaseControlType.CONSTANT_BASE;BaseControlType.CONSTANT_BASE;0;BranchControlType.BRANCH_INDEPENDENT_FROM_SECRET;BranchControlType.BRANCH_INDEPENDENT_FROM_SECRET;2554852;True;False;True;True;True;False;False;True;True;False;False;False;True;False;True;False;True;False;True;False;[];['has_valid_base'];True;False;True;True;True;False;False;True;True;False;False;False;True;False;True;False;True;False;True;False;[];['has_valid_base']
d2272293-002e-4236-8989-ee594db4de04;_ZN11AutoTypeKeyC2EN2Qt3KeyE6QFlagsINS0_16KeyboardModifierEE;0x26fbc0;0x26fbe4;0x0;TransmitterType.STORE;11;0;False;['0x26fbc0'];<BV64 0x10 + x0>;64;[];[];['<BV64 x0>'];[];['<BV64 x0>'];[];[];0;18446744073709551615;18446744073709551615;1;;;True;0;18446744073709551615;18446744073709551615;1;;;True;ControlType.CONTROLLED;0;<BV64 0x10>;64;[];[];[];[];[];[];[];16.0;16.0;0.0;1.0;;;True;16.0;16.0;0.0;1.0;;;True;ControlType.NO_CONTROL;0;<BV64 0x10>;64;[];[];[];[];[];[];[];16;16;0;1.0;;;True;16.0;16.0;0.0;1.0;;;True;ControlType.NO_CONTROL;0;<BV64 x0>;64;[];[];['<BV64 x0>'];[];['<BV64 x0>'];[];[];0.0;1.8446744073709552e+19;18446744073709551615;1;;;True;0.0;1.8446744073709552e+19;18446744073709551615;1;;;True;ControlType.CONTROLLED;0;<BV64 x0>;64;[];[];['<BV64 x0>'];[];['<BV64 x0>'];[];[];0.0;1.8446744073709552e+19;1.8446744073709552e+19;1.0;;;True;0.0;1.8446744073709552e+19;1.8446744073709552e+19;1.0;;;True;ControlType.CONTROLLED;0;<BV64 x0>;64;[];[];[];[];[];[];[];0;0;0;;;;False;0;0;0;;;;False;ControlType.UNKNOWN;0;[];{'regs': [], 'indirect_regs': [], 'direct_regs': [], 'mem': [], 'const_mem': []};[];{'regs': [], 'indirect_regs': [], 'direct_regs': [], 'mem': [], 'const_mem': []};{'regs': ['<BV64 x0>'], 'indirect_regs': [], 'direct_regs': ['<BV64 x0>'], 'mem': [], 'const_mem': []};{'regs': ['<BV64 x0>'], 'indirect_regs': [], 'direct_regs': ['<BV64 x0>'], 'mem': [], 'const_mem': []};63.0;0.0;64.0;64.0;[];;;;BaseControlType.CONSTANT_BASE;BaseControlType.CONSTANT_BASE;BaseControlType.CONSTANT_BASE;0;BranchControlType.BRANCH_INDEPENDENT_FROM_SECRET;BranchControlType.BRANCH_INDEPENDENT_FROM_SECRET;2554852;True;False;True;True;True;False;False;True;True;False;False;False;True;False;True;False;True;False;True;False;[];['has_valid_base'];True;False;True;True;True;False;False;True;True;False;False;False;True;False;True;False;True;False;True;False;[];['has_valid_base']
eb5d3e02-5ae1-471a-b95a-ba80932c104a;_ZN11AutoTypeKeyC2ERK5QChar6QFlagsIN2Qt16KeyboardModifierEE;0x26fb80;0x26fbac;0x0;TransmitterType.STORE;13;0;False;['0x26fb80'];<BV64 0x10 + x0>;64;[];[];['<BV64 x0>'];[];['<BV64 x0>'];[];[];0;18446744073709551615;18446744073709551615;1;;;True;0;18446744073709551615;18446744073709551615;1;;;True;ControlType.CONTROLLED;0;<BV64 0x10>;64;[];[];[];[];[];[];[];16.0;16.0;0.0;1.0;;;True;16.0;16.0;0.0;1.0;;;True;ControlType.NO_CONTROL;0;<BV64 0x10>;64;[];[];[];[];[];[];[];16;16;0;1.0;;;True;16.0;16.0;0.0;1.0;;;True;ControlType.NO_CONTROL;0;<BV64 x0>;64;[];[];['<BV64 x0>'];[];['<BV64 x0>'];[];[];0.0;1.8446744073709552e+19;18446744073709551615;1;;;True;0.0;1.8446744073709552e+19;18446744073709551615;1;;;True;ControlType.CONTROLLED;0;<BV64 x0>;64;[];[];['<BV64 x0>'];[];['<BV64 x0>'];[];[];0.0;1.8446744073709552e+19;1.8446744073709552e+19;1.0;;;True;0.0;1.8446744073709552e+19;1.8446744073709552e+19;1.0;;;True;ControlType.CONTROLLED;0;<BV64 x0>;64;[];[];[];[];[];[];[];0;0;0;;;;False;0;0;0;;;;False;ControlType.UNKNOWN;0;[];{'regs': [], 'indirect_regs': [], 'direct_regs': [], 'mem': [], 'const_mem': []};[];{'regs': [], 'indirect_regs': [], 'direct_regs': [], 'mem': [], 'const_mem': []};{'regs': ['<BV64 x0>'], 'indirect_regs': [], 'direct_regs': ['<BV64 x0>'], 'mem': [], 'const_mem': []};{'regs': ['<BV64 x0>'], 'indirect_regs': [], 'direct_regs': ['<BV64 x0>'], 'mem': [], 'const_mem': []};63.0;0.0;64.0;64.0;[];;;;BaseControlType.CONSTANT_BASE;BaseControlType.CONSTANT_BASE;BaseControlType.CONSTANT_BASE;0;BranchControlType.BRANCH_INDEPENDENT_FROM_SECRET;BranchControlType.BRANCH_INDEPENDENT_FROM_SECRET;2554796;True;False;True;True;True;False;False;True;True;False;False;False;True;False;True;False;True;False;True;False;[];['has_valid_base'];True;False;True;True;True;False;False;True;True;False;False;False;True;False;True;False;True;False;True;False;[];['has_valid_base']
86b486ed-59fc-4c0f-952f-a0d1cf1d4976;_ZN11AutoTypeKeyC1ERK5QChar6QFlagsIN2Qt16KeyboardModifierEE;0x26fb80;0x26fbac;0x0;TransmitterType.STORE;13;0;False;['0x26fb80'];<BV64 0x10 + x0>;64;[];[];['<BV64 x0>'];[];['<BV64 x0>'];[];[];0;18446744073709551615;18446744073709551615;1;;;True;0;18446744073709551615;18446744073709551615;1;;;True;ControlType.CONTROLLED;0;<BV64 0x10>;64;[];[];[];[];[];[];[];16.0;16.0;0.0;1.0;;;True;16.0;16.0;0.0;1.0;;;True;ControlType.NO_CONTROL;0;<BV64 0x10>;64;[];[];[];[];[];[];[];16;16;0;1.0;;;True;16.0;16.0;0.0;1.0;;;True;ControlType.NO_CONTROL;0;<BV64 x0>;64;[];[];['<BV64 x0>'];[];['<BV64 x0>'];[];[];0.0;1.8446744073709552e+19;18446744073709551615;1;;;True;0.0;1.8446744073709552e+19;18446744073709551615;1;;;True;ControlType.CONTROLLED;0;<BV64 x0>;64;[];[];['<BV64 x0>'];[];['<BV64 x0>'];[];[];0.0;1.8446744073709552e+19;1.8446744073709552e+19;1.0;;;True;0.0;1.8446744073709552e+19;1.8446744073709552e+19;1.0;;;True;ControlType.CONTROLLED;0;<BV64 x0>;64;[];[];[];[];[];[];[];0;0;0;;;;False;0;0;0;;;;False;ControlType.UNKNOWN;0;[];{'regs': [], 'indirect_regs': [], 'direct_regs': [], 'mem': [], 'const_mem': []};[];{'regs': [], 'indirect_regs': [], 'direct_regs': [], 'mem': [], 'const_mem': []};{'regs': ['<BV64 x0>'], 'indirect_regs': [], 'direct_regs': ['<BV64 x0>'], 'mem': [], 'const_mem': []};{'regs': ['<BV64 x0>'], 'indirect_regs': [], 'direct_regs': ['<BV64 x0>'], 'mem': [], 'const_mem': []};63.0;0.0;64.0;64.0;[];;;;BaseControlType.CONSTANT_BASE;BaseControlType.CONSTANT_BASE;BaseControlType.CONSTANT_BASE;0;BranchControlType.BRANCH_INDEPENDENT_FROM_SECRET;BranchControlType.BRANCH_INDEPENDENT_FROM_SECRET;2554796;True;False;True;True;True;False;False;True;True;False;False;False;True;False;True;False;True;False;True;False;[];['has_valid_base'];True;False;True;True;True;False;False;True;True;False;False;False;True;False;True;False;True;False;True;False;[];['has_valid_base']
