,
table,
Value,Name
0000000000000000,UND
000000000f430000,__data_start
0000000007bb74b4,_ZdlPv
0000000007bb74b4,_ZdaPvRKSt9nothrow_t
0000000007bb74b4,_ZdaPvm
0000000007bb74b4,_ZdlPvmSt11align_val_t
0000000007bb7a1c,realloc
0000000007bb74b4,_ZdlPvRKSt9nothrow_t
0000000007bb7df0,malloc_size
0000000007bb7aa4,__libc_calloc
0000000007bb74b4,_ZdlPvm
0000000007bb7bb4,__libc_valloc
0000000007bb7c5c,__libc_pvalloc
000000000f4872e0,__malloc_hook
0000000002673000,_start
000000000f430000,data_start
0000000007bb74b4,_ZdlPvSt11align_val_tRKSt9nothrow_t
0000000007bb74b4,cfree
0000000007bb7bb4,valloc
0000000007bb799c,__libc_malloc
0000000007bb74b4,__libc_free
0000000007bb74b4,_ZdaPv
0000000007bb799c,malloc
0000000007bb7934,_ZnamSt11align_val_t
0000000007bb7d1c,__posix_memalign
00000000028eb8a8,malloc_stats
0000000007bc371c,mallinfo
0000000009ba028c,localtime64
0000000002945dd8,ChromeMain
0000000007bb78b8,_Znwm
0000000009ba0320,localtime_r
0000000007bb74b4,_ZdaPvSt11align_val_t
0000000007bb7a1c,__libc_realloc
0000000002915688,mallopt
0000000007bb74b4,free
0000000007bb790c,_ZnamRKSt9nothrow_t
0000000007bb7aa4,calloc
0000000007bb7b2c,aligned_alloc
0000000007bb7934,_ZnwmSt11align_val_t
000000000f4872e8,__realloc_hook
0000000007bb78b8,_Znam
0000000007bb7df0,malloc_usable_size
0000000007bb7934,_ZnwmSt11align_val_tRKSt9nothrow_t
0000000007bb7b2c,__libc_memalign
0000000009ba03b0,localtime64_r
0000000007bb7d1c,posix_memalign
0000000007009e54,localtime
0000000007bb74b4,_ZdaPvSt11align_val_tRKSt9nothrow_t
0000000007bb7b2c,memalign
0000000007bb74b4,__libc_cfree
000000000f4872f0,__free_hook
0000000007bb7934,_ZnamSt11align_val_tRKSt9nothrow_t
0000000007bb790c,_ZnwmRKSt9nothrow_t
0000000007bb74b4,_ZdaPvmSt11align_val_t
0000000009ba09a4,getaddrinfo
0000000007bb7c5c,pvalloc
000000000145df80,_IO_stdin_used
0000000007bb74b4,_ZdlPvSt11align_val_t
000000000f4872f8,__memalign_hook
