00000000000089e0,nlist@@LIBBSD_0.1
0000000000007fb0,inet_net_pton@@LIBBSD_0.0
000000000000a720,recallocarray@@LIBBSD_0.11.0
0000000000008e44,verrc@@LIBBSD_0.0
000000000000c1d0,gid_from_group@@LIBBSD_0.11.0
000000000000cdc0,_time_to_long@@LIBBSD_0.7
0000000000006b90,arc4random_buf@@LIBBSD_0.2
0000000000008f84,pidfile_open@@LIBBSD_0.2
000000000000de44,strnvis@LIBBSD_0.9.1
000000000000dd90,strnvis@@LIBBSD_0.2
000000000000ba84,strlcat@@LIBBSD_0.0
000000000000de44,strnvis_netbsd@@LIBBSD_0.9.1
0000000000006780,arc4random_addrandom@@LIBBSD_0.0
0000000000006fe0,fgetln@@LIBBSD_0.0
0000000000009530,setproctitle_init@@LIBBSD_0.6
000000000000e070,strenvisx@@LIBBSD_0.9
000000000000b654,sradixsort@@LIBBSD_0.3
00000000000077e0,freezero@@LIBBSD_0.11.0
000000000000dc40,nvis@@LIBBSD_0.9
000000000000c670,strnstr@@LIBBSD_0.5
000000000000a5a0,fgetwln@@LIBBSD_0.5
0000000000009ea0,reallocarray@@LIBBSD_0.7
000000000000cd40,_time32_to_time@@LIBBSD_0.7
0000000000007b00,getpeereid@@LIBBSD_0.3
000000000000c450,strmode@@LIBBSD_0.1
000000000000b560,radixsort@@LIBBSD_0.3
00000000000083f0,MD5Update@LIBBSD_0.0
0000000000008a50,pidfile_write@@LIBBSD_0.2
000000000000b900,sl_add@@LIBBSD_0.7
0000000000009ef0,setmode@@LIBBSD_0.0
000000000000bb40,strlcpy@@LIBBSD_0.0
00000000000083d0,MD5Init@LIBBSD_0.0
0000000000009220,setproctitle@LIBBSD_0.2
0000000000009220,setproctitle@@LIBBSD_0.5
000000000000da34,strsvisx@@LIBBSD_0.9
0000000000008cd0,vwarnc@@LIBBSD_0.0
00000000000094c0,setprogname@@LIBBSD_0.0
0000000000008c84,getprogname@@LIBBSD_0.0
000000000000a6b0,reallocf@@LIBBSD_0.3
000000000000bb90,user_from_uid@@LIBBSD_0.11.0
000000000000dff4,strnvisx@@LIBBSD_0.11.0
000000000000dab4,strsnvisx@@LIBBSD_0.9
00000000000070c0,fparseln@@LIBBSD_0.5
0000000000008c40,pidfile_fileno@@LIBBSD_0.9
0000000000008450,MD5Transform@LIBBSD_0.0
0000000000006600,getmode@@LIBBSD_0.0
000000000000ce40,unvis@@LIBBSD_0.0
00000000000084d0,MD5Data@LIBBSD_0.0
000000000000d830,snvis@@LIBBSD_0.9
000000000000c720,strtoi@@LIBBSD_0.9
000000000000df70,strvisx@@LIBBSD_0.0
0000000000007600,flopenat@@LIBBSD_0.9
00000000000078f0,getbsize@@LIBBSD_0.7
000000000000a8e0,heapsort@@LIBBSD_0.0
000000000000d8d0,strsvis@@LIBBSD_0.9
00000000000077a0,fpurge@@LIBBSD_0.3
0000000000006740,arc4random_stir@@LIBBSD_0.0
0000000000008490,MD5File@LIBBSD_0.0
000000000000d790,svis@@LIBBSD_0.9
0000000000008b70,pidfile_close@@LIBBSD_0.2
0000000000009800,readpassphrase@@LIBBSD_0.2
00000000000069a4,arc4random@@LIBBSD_0.0
000000000000cbe4,strtou@@LIBBSD_0.9
000000000000d740,strnunvis@@LIBBSD_0.2
000000000000e0f0,wcslcat@@LIBBSD_0.5
000000000000c880,strtonum@@LIBBSD_0.2
000000000000d770,strnunvis@LIBBSD_0.9.1
0000000000007534,flopen@@LIBBSD_0.2
0000000000008470,MD5End@LIBBSD_0.0
000000000000ce00,_time_to_int@@LIBBSD_0.7
000000000000cd80,_time64_to_time@@LIBBSD_0.7
000000000000d6f0,strunvisx@@LIBBSD_0.0
00000000000076b4,fmtcheck@@LIBBSD_0.0
000000000000db30,strsenvisx@@LIBBSD_0.9
000000000000bf70,uid_from_user@@LIBBSD_0.11.0
000000000000abc0,mergesort@@LIBBSD_0.3
00000000000084b0,MD5FileChunk@LIBBSD_0.0
0000000000008c20,pidfile_remove@@LIBBSD_0.2
0000000000008410,MD5Pad@LIBBSD_0.0
000000000000b980,sl_free@@LIBBSD_0.7
000000000000ce20,_int_to_time@@LIBBSD_0.7
000000000000b9f0,sl_find@@LIBBSD_0.7
000000000000d550,strnunvisx@@LIBBSD_0.9
0000000000006fc0,explicit_bzero@@LIBBSD_0.8
0000000000008d90,warnc@@LIBBSD_0.0
0000000000008f00,errc@@LIBBSD_0.0
000000000000e1c0,wcslcpy@@LIBBSD_0.5
000000000000b890,sl_init@@LIBBSD_0.7
000000000000cde0,_long_to_time@@LIBBSD_0.7
0000000000007c90,humanize_number@@LIBBSD_0.0
000000000000bd80,group_from_gid@@LIBBSD_0.11.0
000000000000df00,stravis@@LIBBSD_0.9
00000000000084f0,__fdnlist@@LIBBSD_0.1
0000000000006dd0,arc4random_uniform@@LIBBSD_0.2
0000000000006e30,bsd_getopt@@LIBBSD_0.0
0000000000008430,MD5Final@LIBBSD_0.0
000000000000c984,closefrom@@LIBBSD_0.4
0000000000007820,funopen@@LIBBSD_0.7
000000000000d714,strunvis@@LIBBSD_0.0
000000000000d770,strnunvis_netbsd@@LIBBSD_0.9.1
000000000000d980,strsnvis@@LIBBSD_0.9
000000000000cd60,_time_to_time32@@LIBBSD_0.7
000000000000dba0,vis@@LIBBSD_0.0
000000000000dce0,strvis@@LIBBSD_0.0
0000000000006e70,expand_number@@LIBBSD_0.4
000000000000cda0,_time_to_time64@@LIBBSD_0.7
0000000000007b90,dehumanize_number@@LIBBSD_0.2
