0000000000010b44,xcrypt_r@XCRYPT_2.0
0000000000010bb0,crypt@GLIBC_2.17
0000000000010be0,xcrypt_gensalt_r@XCRYPT_2.0
0000000000010bb0,crypt@@XCRYPT_2.0
0000000000011340,setkey@GLIBC_2.17
0000000000011320,encrypt_r@GLIBC_2.17
0000000000010eb0,crypt_checksalt@@XCRYPT_4.3
0000000000011300,setkey_r@GLIBC_2.17
0000000000010be0,crypt_gensalt_r@XCRYPT_2.0
0000000000010950,crypt_rn@@XCRYPT_2.0
0000000000010b44,crypt_r@GLIBC_2.17
0000000000010b44,crypt_r@@XCRYPT_2.0
0000000000010a30,crypt_ra@@XCRYPT_2.0
0000000000010be0,crypt_gensalt_rn@@XCRYPT_2.0
000000000000e5d4,crypt_gensalt@@XCRYPT_2.0
0000000000011360,encrypt@GLIBC_2.17
0000000000010bb0,xcrypt@XCRYPT_2.0
0000000000010fa0,crypt_preferred_method@@XCRYPT_4.4
000000000000e5d4,xcrypt_gensalt@XCRYPT_2.0
0000000000010bb0,fcrypt@GLIBC_2.17
0000000000010df0,crypt_gensalt_ra@@XCRYPT_2.0
