00000000000170e0,gss_inquire_context@@gssapi_krb5_2_MIT
0000000000017d90,gss_acquire_cred@@gssapi_krb5_2_MIT
0000000000017354,gss_inquire_cred_by_oid@@gssapi_krb5_2_MIT
0000000000021e10,gss_verify@@gssapi_krb5_2_MIT
0000000000014c44,gss_add_cred_from@@gssapi_krb5_2_MIT
0000000000033070,gss_krb5_import_cred@@gssapi_krb5_2_MIT
000000000001ff00,gss_str_to_oid@@gssapi_krb5_2_MIT
0000000000021e30,gss_release_iov_buffer@@gssapi_krb5_2_MIT
00000000000178a0,gss_map_name_to_any@@gssapi_krb5_2_MIT
00000000000175d0,gss_inquire_name@@gssapi_krb5_2_MIT
000000000002ea80,gss_krb5_free_lucid_sec_context@@gssapi_krb5_2_MIT
0000000000011670,gss_release_buffer_set@@gssapi_krb5_2_MIT
0000000000017dc4,gss_add_cred_with_password@@gssapi_krb5_2_MIT
000000000001b130,gss_wrap_size_limit@@gssapi_krb5_2_MIT
000000000002e320,gss_krb5int_unseal_token_v3@@gssapi_krb5_2_MIT
0000000000019be0,gss_process_context_token@@gssapi_krb5_2_MIT
0000000000020420,gss_unwrap@@gssapi_krb5_2_MIT
0000000000020af4,gss_wrap@@gssapi_krb5_2_MIT
00000000000185f0,gss_add_cred_impersonate_name@@gssapi_krb5_2_MIT
000000000001aab0,gssspi_mech_invoke@@gssapi_krb5_2_MIT
000000000001a200,gss_unwrap_iov@@gssapi_krb5_2_MIT
00000000000191c0,gss_indicate_mechs@@gssapi_krb5_2_MIT
0000000000017790,gss_inquire_sec_context_by_oid@@gssapi_krb5_2_MIT
000000000001f9c0,gss_store_cred_into@@gssapi_krb5_2_MIT
00000000000210e0,gss_inquire_attrs_for_mech@@gssapi_krb5_2_MIT
0000000000016de0,gss_inquire_cred_by_mech@@gssapi_krb5_2_MIT
0000000000013020,gss_delete_sec_context@@gssapi_krb5_2_MIT
0000000000032ee0,gsskrb5_extract_authtime_from_sec_context@@gssapi_krb5_2_MIT
000000000002eb00,krb5_gss_register_acceptor_identity@@gssapi_krb5_2_MIT
00000000000161e0,gss_import_name@@gssapi_krb5_2_MIT
000000000001fcf0,gss_test_oid_set_member@@gssapi_krb5_2_MIT
0000000000019e44,gss_set_name_attribute@@gssapi_krb5_2_MIT
000000000001ba00,gss_set_sec_context_option@@gssapi_krb5_2_MIT
0000000000033110,gss_krb5_set_allowable_enctypes@@gssapi_krb5_2_MIT
00000000000115f0,gss_create_empty_buffer_set@@gssapi_krb5_2_MIT
00000000000156c4,gss_compare_name@@gssapi_krb5_2_MIT
000000000002d514,gss_krb5int_make_seal_token_v3@@gssapi_krb5_2_MIT
0000000000016850,gss_import_sec_context@@gssapi_krb5_2_MIT
0000000000014784,gss_get_name_attribute@@gssapi_krb5_2_MIT
000000000001fcc0,gss_store_cred@@gssapi_krb5_2_MIT
000000000001b890,gss_release_cred@@gssapi_krb5_2_MIT
0000000000013120,gss_delete_name_attribute@@gssapi_krb5_2_MIT
0000000000012f20,gss_context_time@@gssapi_krb5_2_MIT
0000000000021590,gss_inquire_mech_for_saslname@@gssapi_krb5_2_MIT
000000000001a5c0,gss_wrap_iov@@gssapi_krb5_2_MIT
0000000000020020,gss_inquire_saslname_for_mech@@gssapi_krb5_2_MIT
0000000000032c90,gss_krb5_get_tkt_flags@@gssapi_krb5_2_MIT
000000000001ff70,gss_oid_equal@@gssapi_krb5_2_MIT
0000000000013ed0,gss_export_sec_context@@gssapi_krb5_2_MIT
0000000000013210,gss_display_name@@gssapi_krb5_2_MIT
0000000000010fd4,gssint_g_seqstate_init@@gssapi_krb5_2_MIT
00000000000153f0,gss_canonicalize_name@@gssapi_krb5_2_MIT
00000000000179e4,gss_acquire_cred_from@@gssapi_krb5_2_MIT
0000000000013590,gss_display_status@@gssapi_krb5_2_MIT
00000000000127a4,gss_accept_sec_context@@gssapi_krb5_2_MIT
0000000000014104,gss_export_cred@@gssapi_krb5_2_MIT
000000000002e9f0,gss_krb5_ccache_name@@gssapi_krb5_2_MIT
0000000000021b10,gss_set_cred_option@@gssapi_krb5_2_MIT
000000000002eb94,krb5_gss_use_kdc_context@@gssapi_krb5_2_MIT
0000000000018314,gss_acquire_cred_with_password@@gssapi_krb5_2_MIT
000000000002e880,gss_krb5_export_lucid_sec_context@@gssapi_krb5_2_MIT
0000000000020cc0,gss_wrap_aead@@gssapi_krb5_2_MIT
0000000000021dd4,gss_sign@@gssapi_krb5_2_MIT
00000000000153b0,gss_add_cred@@gssapi_krb5_2_MIT
0000000000015970,gss_authorize_localname@@gssapi_krb5_2_MIT
0000000000014670,gss_export_name_composite@@gssapi_krb5_2_MIT
000000000001a974,gss_get_mic_iov_length@@gssapi_krb5_2_MIT
00000000000117b0,gss_encapsulate_token@@gssapi_krb5_2_MIT
0000000000019a94,gss_pseudo_random@@gssapi_krb5_2_MIT
0000000000018b70,gss_acquire_cred_impersonate_name@@gssapi_krb5_2_MIT
0000000000021ee0,gss_pname_to_uid@@gssapi_krb5_2_MIT
000000000001f950,gss_add_oid_set_member@@gssapi_krb5_2_MIT
0000000000019d10,gss_release_any_name_mapping@@gssapi_krb5_2_MIT
0000000000011650,gss_add_buffer_set_member@@gssapi_krb5_2_MIT
0000000000019680,gss_inquire_mechs_for_name@@gssapi_krb5_2_MIT
0000000000021db0,gssspi_set_cred_option@@gssapi_krb5_2_MIT
0000000000026020,gss_release_name@@gssapi_krb5_2_MIT
000000000001a460,gss_verify_mic@@gssapi_krb5_2_MIT
0000000000032fe0,gss_krb5_copy_ccache@@gssapi_krb5_2_MIT
00000000000331a0,gss_krb5_set_cred_rcache@@gssapi_krb5_2_MIT
0000000000012e00,gss_complete_auth_token@@gssapi_krb5_2_MIT
000000000001ffd4,gss_release_buffer@@gssapi_krb5_2_MIT
0000000000032d90,gsskrb5_extract_authz_data_from_sec_context@@gssapi_krb5_2_MIT
00000000000116b0,gss_decapsulate_token@@gssapi_krb5_2_MIT
0000000000020de0,gss_localname@@gssapi_krb5_2_MIT
000000000001a324,gss_verify_mic_iov@@gssapi_krb5_2_MIT
0000000000021df0,gss_unseal@@gssapi_krb5_2_MIT
0000000000018f30,gss_inquire_cred@@gssapi_krb5_2_MIT
000000000001fd10,gss_oid_to_str@@gssapi_krb5_2_MIT
0000000000021af4,gss_seal@@gssapi_krb5_2_MIT
0000000000011b24,gss_release_oid@@gssapi_krb5_2_MIT
0000000000013390,gss_display_name_ext@@gssapi_krb5_2_MIT
0000000000014340,gss_export_name@@gssapi_krb5_2_MIT
0000000000021264,gss_indicate_mechs_by_attrs@@gssapi_krb5_2_MIT
000000000001f6f0,gss_display_mech_attr@@gssapi_krb5_2_MIT
0000000000016fd0,gss_inquire_names_for_mech@@gssapi_krb5_2_MIT
000000000001a840,gss_get_mic_iov@@gssapi_krb5_2_MIT
0000000000016ab0,gss_init_sec_context@@gssapi_krb5_2_MIT
0000000000015cc0,gss_duplicate_name@@gssapi_krb5_2_MIT
000000000001f8b0,gss_create_empty_oid_set@@gssapi_krb5_2_MIT
0000000000019f60,gss_set_neg_mechs@@gssapi_krb5_2_MIT
0000000000016770,gss_userok@@gssapi_krb5_2_MIT
0000000000021090,gss_release_oid_set@@gssapi_krb5_2_MIT
000000000001a700,gss_wrap_iov_length@@gssapi_krb5_2_MIT
000000000001a0b4,gss_get_mic@@gssapi_krb5_2_MIT
0000000000020600,gss_unwrap_aead@@gssapi_krb5_2_MIT
0000000000015ea0,gss_import_cred@@gssapi_krb5_2_MIT
