000000000005b6e0,k5_size_keyblock@@krb5_3_MIT
00000000000465c0,krb5_get_init_creds_opt_set_anonymous@@krb5_3_MIT
0000000000046ab0,krb5_get_init_creds_opt_set_out_ccache@@krb5_3_MIT
000000000003bad4,krb5_auth_con_getlocalsubkey@@krb5_3_MIT
000000000003aee0,k5_kt_have_match@@krb5_3_MIT
000000000004e780,krb5_get_etype_info@@krb5_3_MIT
000000000003f4a0,krb5_authdata_get_attribute_types@@krb5_3_MIT
0000000000048330,krb5_free_pa_s4u_x509_user@@krb5_3_MIT
000000000002a0c0,decode_krb5_cammac@@krb5_3_MIT
0000000000034f70,krb5_kt_free_entry@@krb5_3_MIT
0000000000043540,krb5_tkt_creds_free@@krb5_3_MIT
000000000003ba50,krb5_auth_con_setrecvsubkey_k@@krb5_3_MIT
00000000000686d0,krb5int_foreach_localaddr@@krb5_3_MIT
0000000000047e90,krb5_free_priv@@krb5_3_MIT
0000000000046e80,krb5_set_error_message@@krb5_3_MIT
000000000003bb30,krb5_auth_con_getrecvsubkey@@krb5_3_MIT
000000000003baa0,krb5_auth_con_getsendsubkey@@krb5_3_MIT
0000000000027fa0,decode_krb5_enc_cred_part@@krb5_3_MIT
000000000005d0a4,krb5_sname_match@@krb5_3_MIT
00000000000773d4,initialize_prof_error_table@@krb5_3_MIT
000000000002a3f0,encode_krb5_pa_pac_options@@krb5_3_MIT
000000000007cc54,k5_sname_compare@@krb5_3_MIT
000000000004b950,krb5_free_cred@@krb5_3_MIT
00000000000297c0,decode_krb5_iakerb_finished@@krb5_3_MIT
000000000003d0c0,krb5_anonymous_principal@@krb5_3_MIT
00000000000476a0,krb5_free_error_message@@krb5_3_MIT
00000000000275b0,encode_krb5_ap_rep@@krb5_3_MIT
0000000000032700,krb5_change_cache@@krb5_3_MIT
000000000005b264,krb5_ser_pack_int64@@krb5_3_MIT
000000000005c5b0,krb5_timestamp_to_sfstring@@krb5_3_MIT
0000000000027490,encode_krb5_ap_req@@krb5_3_MIT
0000000000047b30,krb5_free_last_req@@krb5_3_MIT
00000000000485f0,k5_free_algorithm_identifier@@krb5_3_MIT
0000000000046af0,krb5_get_init_creds_opt_set_fast_flags@@krb5_3_MIT
0000000000052774,k5_add_pa_data_from_data@@krb5_3_MIT
000000000003bc50,krb5_auth_con_initivector@@krb5_3_MIT
0000000000029460,decode_krb5_fast_response@@krb5_3_MIT
000000000005d474,krb5_rd_safe@@krb5_3_MIT
0000000000068f30,krb5_net_write@@krb5_3_MIT
000000000005cb94,krb5_rd_rep@@krb5_3_MIT
00000000000404c0,krb5_authdata_export_attributes@@krb5_3_MIT
0000000000047920,krb5_free_data_contents@@krb5_3_MIT
0000000000068210,krb5_free_host_realm@@krb5_3_MIT
0000000000062720,krb5_rd_req@@krb5_3_MIT
00000000000487e4,k5_free_kkdcp_message@@krb5_3_MIT
000000000004b8f0,krb5_free_tickets@@krb5_3_MIT
000000000003b8b0,krb5_auth_con_getkey@@krb5_3_MIT
0000000000060cb0,krb5_unparse_name@@krb5_3_MIT
0000000000032d54,krb5_kt_resolve@@krb5_3_MIT
000000000006d084,krb5_os_localaddr@@krb5_3_MIT
0000000000032954,krb5_cc_get_principal@@krb5_3_MIT
000000000004bc30,krb5_free_ad_kdcissued@@krb5_3_MIT
0000000000026de0,encode_krb5_ticket@@krb5_3_MIT
0000000000027ac0,encode_krb5_safe@@krb5_3_MIT
000000000004b684,krb5_init_creds_set_service@@krb5_3_MIT
0000000000056840,krb5_principal_compare_flags@@krb5_3_MIT
0000000000046ce4,krb5_set_default_tgs_enctypes@@krb5_3_MIT
00000000000330f0,krb5_kt_get_name@@krb5_3_MIT
0000000000027d30,decode_krb5_enc_priv_part@@krb5_3_MIT
000000000002a2d0,encode_krb5_secure_cookie@@krb5_3_MIT
0000000000075fd4,profile_get_subsection_names@@krb5_3_MIT
0000000000055604,krb5_kdc_verify_ticket@@krb5_3_MIT
000000000003f314,krb5_appdefault_string@@krb5_3_MIT
000000000003dca4,krb5int_copy_data_contents_add0@@krb5_3_MIT
000000000005e9c0,krb5_get_credentials_for_proxy@@krb5_3_MIT
000000000004e0c0,krb5_init_creds_get@@krb5_3_MIT
0000000000064900,krb5_unparse_name_flags_ext@@krb5_3_MIT
0000000000069050,krb5_read_message@@krb5_3_MIT
0000000000029c40,decode_krb5_pa_otp_challenge@@krb5_3_MIT
0000000000033150,krb5_kt_start_seq_get@@krb5_3_MIT
0000000000056210,krb5_parse_name_flags@@krb5_3_MIT
0000000000046560,krb5_get_init_creds_opt_set_proxiable@@krb5_3_MIT
00000000000674a0,k5_rc_get_name@@krb5_3_MIT
000000000003cf40,krb5_build_principal_alloc_va@@krb5_3_MIT
0000000000075db0,profile_iterator_free@@krb5_3_MIT
0000000000052cf0,krb5_responder_list_questions@@krb5_3_MIT
0000000000064a50,krb5_get_credentials_renew@@krb5_3_MIT
0000000000047400,krb5_vprepend_error_message@@krb5_3_MIT
000000000004ab90,krb5_free_authenticator@@krb5_3_MIT
000000000002adb4,krb5_cccol_cursor_next@@krb5_3_MIT
0000000000026360,krb5int_initialize_library@@krb5_3_MIT
000000000003e174,krb5_copy_keyblock_contents@@krb5_3_MIT
000000000004aa00,krb5_kdc_rep_decrypt_proc@@krb5_3_MIT
000000000003f1f4,krb5_appdefault_boolean@@krb5_3_MIT
00000000000481f4,krb5_free_sam_response_2@@krb5_3_MIT
0000000000049d54,krb5_get_init_creds_opt_set_fast_ccache@@krb5_3_MIT
0000000000046e60,krb5_init_keyblock@@krb5_3_MIT
0000000000028870,encode_krb5_sam_challenge_2@@krb5_3_MIT
0000000000028300,decode_krb5_etype_info@@krb5_3_MIT
000000000006e190,krb5_expand_hostname@@krb5_3_MIT
0000000000062eb0,krb5_get_credentials_for_user@@krb5_3_MIT
000000000003a730,krb5_cc_set_config@@krb5_3_MIT
0000000000068460,k5_hostrealm_free_context@@krb5_3_MIT
0000000000029220,decode_krb5_fast_req@@krb5_3_MIT
0000000000047fe0,krb5_free_sam_challenge_2_contents@@krb5_3_MIT
00000000000289c0,decode_krb5_sam_challenge_2_body@@krb5_3_MIT
000000000005b2c0,krb5_ser_unpack_int64@@krb5_3_MIT
000000000005b690,k5_size_authdata@@krb5_3_MIT
00000000000503b0,krb5_mk_priv@@krb5_3_MIT
000000000002ca90,krb5_unmarshal_credentials@@krb5_3_MIT
0000000000050970,krb5_mk_rep@@krb5_3_MIT
00000000000509b0,krb5_mk_req@@krb5_3_MIT
000000000004b880,krb5_free_kdc_rep@@krb5_3_MIT
0000000000067210,k5_rc_resolve@@krb5_3_MIT
000000000004b9e0,krb5_free_kdc_req@@krb5_3_MIT
0000000000046e40,krb5_free_enctypes@@krb5_3_MIT
000000000003b720,krb5_address_search@@krb5_3_MIT
0000000000077aa4,profile_free_buffer@@krb5_3_MIT
000000000003c3b0,krb5_authdata_delete_attribute@@krb5_3_MIT
0000000000078460,profile_init@@krb5_3_MIT
000000000003b9e0,krb5_auth_con_setrecvsubkey@@krb5_3_MIT
0000000000047960,krb5_free_enc_data@@krb5_3_MIT
000000000002d964,krb5int_cc_default@@krb5_3_MIT
000000000003c190,krb5_authdata_get_attribute@@krb5_3_MIT
000000000006ca60,krb5_aname_to_localname@@krb5_3_MIT
0000000000068e84,krb5_net_read@@krb5_3_MIT
0000000000046504,krb5_get_init_creds_opt_set_renew_life@@krb5_3_MIT
0000000000068540,krb5_free_config_files@@krb5_3_MIT
0000000000048e30,krb5_init_creds_get_error@@krb5_3_MIT
0000000000069194,krb5_read_password@@krb5_3_MIT
0000000000029550,encode_krb5_ad_kdcissued@@krb5_3_MIT
000000000003bee4,krb5_authdata_context_init@@krb5_3_MIT
0000000000078660,profile_ser_externalize@@krb5_3_MIT
0000000000028420,decode_krb5_etype_info2@@krb5_3_MIT
000000000003e770,krb5_generate_seq_number@@krb5_3_MIT
00000000000464c0,krb5_get_init_creds_opt_init@@krb5_3_MIT
000000000003d0e4,krb5_chpw_result_code_string@@krb5_3_MIT
00000000000684d4,krb5_get_profile@@krb5_3_MIT
0000000000027c10,decode_krb5_priv@@krb5_3_MIT
000000000003fff0,krb5_auth_con_setports@@krb5_3_MIT
0000000000052840,k5_add_empty_pa_data@@krb5_3_MIT
0000000000041e10,krb5_tkt_creds_get_creds@@krb5_3_MIT
0000000000029040,decode_krb5_pa_pac_req@@krb5_3_MIT
0000000000047f30,krb5_free_safe@@krb5_3_MIT
0000000000048634,k5_free_otp_tokeninfo@@krb5_3_MIT
000000000004a874,krb5int_init_context_kdc@@krb5_3_MIT
0000000000029340,decode_krb5_pa_fx_fast_reply@@krb5_3_MIT
000000000003ca90,krb5_copy_addr@@krb5_3_MIT
0000000000027e80,decode_krb5_cred@@krb5_3_MIT
00000000000767a0,profile_update_relation@@krb5_3_MIT
000000000005ee00,krb5_get_renewed_creds@@krb5_3_MIT
0000000000064a24,krb5_get_credentials_validate@@krb5_3_MIT
000000000005b780,krb5_ser_pack_bytes@@krb5_3_MIT
00000000000756f0,krb5_timeofday@@krb5_3_MIT
0000000000032860,krb5_cc_get_name@@krb5_3_MIT
0000000000026cc0,encode_krb5_authenticator@@krb5_3_MIT
00000000000288a0,decode_krb5_sam_challenge_2@@krb5_3_MIT
0000000000046894,krb5_get_init_creds_opt_get_pa@@krb5_3_MIT
000000000002b2a0,k5_marshal_princ@@krb5_3_MIT
000000000003d750,krb5_merge_authdata@@krb5_3_MIT
0000000000047af0,krb5_free_ap_rep_enc_part@@krb5_3_MIT
0000000000048190,krb5_free_sam_response_2_contents@@krb5_3_MIT
00000000000528b0,k5_is_string_numeric@@krb5_3_MIT
0000000000047494,krb5_get_error_message@@krb5_3_MIT
0000000000026f30,decode_krb5_encryption_key@@krb5_3_MIT
000000000004b710,krb5_free_tgt_creds@@krb5_3_MIT
0000000000028510,encode_krb5_enc_data@@krb5_3_MIT
0000000000046a70,krb5_get_init_creds_opt_set_in_ccache@@krb5_3_MIT
000000000006b0d0,krb5_auth_con_genaddrs@@krb5_3_MIT
0000000000047134,krb5_get_init_creds_opt_set_pa@@krb5_3_MIT
0000000000051b90,krb5_pac_init@@krb5_3_MIT
0000000000032fe4,krb5_kt_dup@@krb5_3_MIT
000000000002a090,encode_krb5_cammac@@krb5_3_MIT
000000000003d8d0,krb5_copy_authdata@@krb5_3_MIT
000000000004ef30,krb5_get_init_creds_password@@krb5_3_MIT
0000000000033180,krb5_kt_next_entry@@krb5_3_MIT
0000000000052364,krb5_pac_get_client_info@@krb5_3_MIT
0000000000046620,krb5_get_init_creds_opt_set_address_list@@krb5_3_MIT
000000000003bd20,krb5_auth_con_setrcache@@krb5_3_MIT
0000000000068440,krb5_free_default_realm@@krb5_3_MIT
0000000000052ca0,krb5_principal2salt@@krb5_3_MIT
000000000004a060,krb5_get_permitted_enctypes@@krb5_3_MIT
0000000000077ac0,profile_abandon@@krb5_3_MIT
000000000002a1b0,encode_utf8_strings@@krb5_3_MIT
000000000002afc4,krb5_cccol_cursor_free@@krb5_3_MIT
00000000000281e0,decode_krb5_authdata@@krb5_3_MIT
0000000000069480,krb5_walk_realm_tree@@krb5_3_MIT
00000000000575b0,k5_plugin_load@@krb5_3_MIT
000000000003e890,krb5_tkt_creds_get_times@@krb5_3_MIT
0000000000053ef0,krb5_mk_req_extended@@krb5_3_MIT
000000000003d094,krb5_anonymous_realm@@krb5_3_MIT
0000000000048060,krb5_free_sam_challenge_2@@krb5_3_MIT
00000000000534e4,krb5_responder_pkinit_set_answer@@krb5_3_MIT
0000000000075e44,profile_iterator@@krb5_3_MIT
00000000000263d0,krb5int_cleanup_library@@krb5_3_MIT
0000000000052250,krb5_pac_get_buffer@@krb5_3_MIT
000000000003b7d0,krb5_allow_weak_crypto@@krb5_3_MIT
0000000000047fc0,krb5_free_string@@krb5_3_MIT
0000000000053650,krb5_responder_pkinit_challenge_free@@krb5_3_MIT
00000000000273a0,decode_krb5_tgs_rep@@krb5_3_MIT
0000000000076630,profile_get_boolean@@krb5_3_MIT
000000000005ee20,krb5_sendauth@@krb5_3_MIT
00000000000278e0,decode_krb5_tgs_req@@krb5_3_MIT
0000000000052b80,k5_plugin_register_dyn@@krb5_3_MIT
0000000000075a80,profile_get_values@@krb5_3_MIT
000000000005ba50,k5_externalize_keyblock@@krb5_3_MIT
00000000000329a4,krb5_cc_next_cred@@krb5_3_MIT
00000000000526a0,k5_free_pa_data_element@@krb5_3_MIT
0000000000051b10,krb5_pac_get_types@@krb5_3_MIT
000000000002a510,encode_krb5_spake_factor@@krb5_3_MIT
0000000000032b70,krb5_kt_add_entry@@krb5_3_MIT
00000000000330d0,krb5_kt_get_type@@krb5_3_MIT
000000000002a300,decode_krb5_secure_cookie@@krb5_3_MIT
000000000004b770,krb5_free_enc_tkt_part@@krb5_3_MIT
000000000002c130,krb5_cc_move@@krb5_3_MIT
000000000003c2b0,krb5_authdata_set_attribute@@krb5_3_MIT
0000000000076ad0,profile_clear_relation@@krb5_3_MIT
0000000000056820,krb5_parse_name@@krb5_3_MIT
000000000005bbe0,krb5_ser_unpack_bytes@@krb5_3_MIT
000000000002d640,krb5_cc_cache_match@@krb5_3_MIT
00000000000485b0,krb5_free_iakerb_finished@@krb5_3_MIT
0000000000078480,profile_init_path@@krb5_3_MIT
0000000000044250,krb5_get_cred_via_tkt@@krb5_3_MIT
0000000000069f60,k5_expand_path_tokens_extra@@krb5_3_MIT
0000000000066e44,krb5_prompter_posix@@krb5_3_MIT
000000000005a610,krb5_mk_safe@@krb5_3_MIT
000000000002bb84,k5_ccselect_free_context@@krb5_3_MIT
0000000000047f94,krb5_free_unparsed_name@@krb5_3_MIT
0000000000047860,krb5_free_checksum@@krb5_3_MIT
0000000000062e94,krb5_rd_req_decoded_anyflag@@krb5_3_MIT
0000000000032980,krb5_cc_start_seq_get@@krb5_3_MIT
0000000000075cb4,profile_iterator_create@@krb5_3_MIT
000000000003bdf4,krb5_authdata_context_free@@krb5_3_MIT
0000000000076cc0,profile_rename_section@@krb5_3_MIT
0000000000032b34,krb5_cc_switch@@krb5_3_MIT
0000000000029f70,encode_krb5_kkdcp_message@@krb5_3_MIT
0000000000034f10,krb5_free_keytab_entry_contents@@krb5_3_MIT
0000000000051c10,krb5_pac_parse@@krb5_3_MIT
0000000000034f90,krb5_kt_have_content@@krb5_3_MIT
0000000000077690,profile_flush@@krb5_3_MIT
000000000007ea34,krb5_unlock_file@@krb5_3_MIT
0000000000046750,krb5_get_init_creds_opt_free@@krb5_3_MIT
0000000000032884,krb5_cc_get_full_name@@krb5_3_MIT
000000000003fd40,krb5_authdata_import_attributes@@krb5_3_MIT
0000000000077484,profile_init_vtable@@krb5_3_MIT
000000000003a0c0,krb5_cc_gen_new@@krb5_3_MIT
000000000005c000,k5_internalize_keyblock@@krb5_3_MIT
00000000000715e0,krb5_set_password@@krb5_3_MIT
0000000000048870,k5_free_spake_factor@@krb5_3_MIT
0000000000056ff0,krb5_principal_compare_any_realm@@krb5_3_MIT
0000000000071600,krb5_set_password_using_ccache@@krb5_3_MIT
000000000003b864,krb5_auth_con_setuseruserkey@@krb5_3_MIT
0000000000028990,encode_krb5_sam_challenge_2_body@@krb5_3_MIT
00000000000648b0,krb5_unparse_name_ext@@krb5_3_MIT
000000000003a960,krb5_cc_get_config@@krb5_3_MIT
000000000003ac70,krb5_kt_get_entry@@krb5_3_MIT
0000000000027af0,decode_krb5_safe@@krb5_3_MIT
0000000000052b30,k5_plugin_register@@krb5_3_MIT
0000000000040bf0,krb5_find_authdata@@krb5_3_MIT
000000000007aa60,krb5_write_message@@krb5_3_MIT
0000000000028660,decode_krb5_pa_enc_ts@@krb5_3_MIT
0000000000049f14,krb5_get_tgs_ktypes@@krb5_3_MIT
0000000000046c50,krb5_init_creds_set_password@@krb5_3_MIT
000000000003bc00,krb5_auth_con_getlocalseqnumber@@krb5_3_MIT
0000000000028f20,encode_krb5_pa_s4u_x509_user@@krb5_3_MIT
000000000002abc4,krb5_cc_support_switch@@krb5_3_MIT
0000000000051a30,krb5_pac_free@@krb5_3_MIT
000000000003d310,krb5_chpw_message@@krb5_3_MIT
00000000000484c0,k5_free_data_ptr_list@@krb5_3_MIT
00000000000756d0,krb5_is_thread_safe@@krb5_3_MIT
0000000000077dd0,profile_release@@krb5_3_MIT
000000000004abd0,krb5_free_cred_contents@@krb5_3_MIT
000000000003a120,krb5_cc_initialize@@krb5_3_MIT
000000000003b920,krb5_auth_con_setsendsubkey@@krb5_3_MIT
00000000000469d4,krb5_get_init_creds_opt_set_fast_ccache_name@@krb5_3_MIT
000000000003e6e0,krb5_auth_con_getpermetypes@@krb5_3_MIT
0000000000026a40,encode_krb5_kdc_req_body@@krb5_3_MIT
000000000004bc84,k5_free_cammac@@krb5_3_MIT
000000000005ede0,krb5_get_validated_creds@@krb5_3_MIT
0000000000041d30,krb5_copy_creds@@krb5_3_MIT
00000000000466e0,krb5_get_init_creds_opt_alloc@@krb5_3_MIT
0000000000075850,krb5_use_natural_time@@krb5_3_MIT
0000000000046f40,krb5_vset_error_message@@krb5_3_MIT
000000000007e410,krb5int_trace@@krb5_3_MIT
0000000000046b30,krb5_get_init_creds_opt_get_fast_flags@@krb5_3_MIT
0000000000068590,krb5_make_fulladdr@@krb5_3_MIT
0000000000026760,initialize_k524_error_table@@krb5_3_MIT
000000000006c994,krb5_kuserok@@krb5_3_MIT
0000000000047d00,krb5_free_cred_enc_part@@krb5_3_MIT
0000000000054ba0,krb5_pac_sign@@krb5_3_MIT
0000000000027020,encode_krb5_enc_tkt_part@@krb5_3_MIT
000000000002a984,krb5_cc_resolve@@krb5_3_MIT
000000000003e720,k5_etypes_contains@@krb5_3_MIT
00000000000648d4,krb5_unparse_name_flags@@krb5_3_MIT
000000000003bc24,krb5_auth_con_getremoteseqnumber@@krb5_3_MIT
000000000004ab20,krb5_free_authenticator_contents@@krb5_3_MIT
000000000003f7f0,k5_externalize_authdata_context@@krb5_3_MIT
00000000000479a0,krb5_free_etype_info@@krb5_3_MIT
0000000000027190,decode_krb5_enc_kdc_rep_part@@krb5_3_MIT
00000000000478a0,krb5_free_data@@krb5_3_MIT
0000000000040354,k5_unwrap_cammac_svc@@krb5_3_MIT
0000000000076420,profile_get_string@@krb5_3_MIT
0000000000032a20,krb5_cc_get_type@@krb5_3_MIT
0000000000060600,k5_internalize_context@@krb5_3_MIT
0000000000052914,k5_parse_host_string@@krb5_3_MIT
0000000000077f94,profile_init_flags@@krb5_3_MIT
0000000000026cf0,decode_krb5_authenticator@@krb5_3_MIT
0000000000028ef0,encode_krb5_s4u_userid@@krb5_3_MIT
000000000006bf30,krb5_get_host_realm@@krb5_3_MIT
00000000000489d0,_krb5_conf_boolean@@krb5_3_MIT
0000000000048440,krb5_free_fast_armored_req@@krb5_3_MIT
000000000005fa90,k5_internalize_auth_context@@krb5_3_MIT
000000000007d060,krb5_us_timeofday@@krb5_3_MIT
0000000000033120,krb5_kt_close@@krb5_3_MIT
000000000003e340,krb5_string_to_deltat@@krb5_3_MIT
0000000000027140,krb5_decode_ticket@@krb5_3_MIT
00000000000673c0,k5_rc_store@@krb5_3_MIT
00000000000683c0,krb5_set_default_realm@@krb5_3_MIT
000000000004a824,krb5_init_context@@krb5_3_MIT
0000000000028630,encode_krb5_pa_enc_ts@@krb5_3_MIT
00000000000674e0,krb5_rc_destroy@@krb5_3_MIT
000000000003ff30,krb5_auth_con_setaddrs@@krb5_3_MIT
000000000003a190,krb5_cc_destroy@@krb5_3_MIT
000000000003a870,k5_cc_store_primary_cred@@krb5_3_MIT
000000000005cdd0,krb5_rd_rep_dce@@krb5_3_MIT
0000000000029670,encode_krb5_iakerb_header@@krb5_3_MIT
00000000000298b0,krb5int_get_authdata_containee_types@@krb5_3_MIT
000000000004e120,krb5_init_creds_init@@krb5_3_MIT
000000000005c4f4,krb5_timestamp_to_string@@krb5_3_MIT
0000000000046650,krb5_get_init_creds_opt_set_preauth_list@@krb5_3_MIT
0000000000029af0,encode_krb5_otp_tokeninfo@@krb5_3_MIT
0000000000047700,k5_change_error_message_code@@krb5_3_MIT
0000000000029d60,decode_krb5_pa_otp_req@@krb5_3_MIT
00000000000331b0,krb5_kt_end_seq_get@@krb5_3_MIT
00000000000483a0,krb5_free_pa_pac_req@@krb5_3_MIT
000000000003a604,k5_build_conf_principals@@krb5_3_MIT
0000000000047dc4,krb5_free_enc_kdc_rep_part@@krb5_3_MIT
00000000000498b4,krb5_init_creds_set_keytab@@krb5_3_MIT
000000000003d980,krb5int_copy_data_contents@@krb5_3_MIT
0000000000028c00,decode_krb5_sam_response_2@@krb5_3_MIT
000000000003e800,krb5_generate_subkey@@krb5_3_MIT
0000000000029e80,decode_krb5_pa_otp_enc_req@@krb5_3_MIT
000000000005db84,k5_internalize_principal@@krb5_3_MIT
00000000000299d0,encode_krb5_typed_data@@krb5_3_MIT
0000000000064ea4,krb5_verify_init_creds@@krb5_3_MIT
000000000003e3d0,krb5_encrypt_helper@@krb5_3_MIT
0000000000049df4,krb5_get_default_in_tkt_ktypes@@krb5_3_MIT
0000000000040f04,k5_authind_decode@@krb5_3_MIT
000000000005c850,krb5_verify_init_creds_opt_set_ap_req_nofail@@krb5_3_MIT
0000000000056fd0,krb5_principal_compare@@krb5_3_MIT
00000000000407c0,krb5_make_authdata_kdc_issued@@krb5_3_MIT
000000000005bc60,k5_internalize_authdata@@krb5_3_MIT
000000000003bcd4,krb5_auth_con_setflags@@krb5_3_MIT
000000000003bb64,krb5_auth_con_getremotesubkey@@krb5_3_MIT
00000000000465f0,krb5_get_init_creds_opt_set_etype_list@@krb5_3_MIT
0000000000077724,profile_flush_to_file@@krb5_3_MIT
00000000000477e0,krb5_free_ap_rep@@krb5_3_MIT
00000000000693e0,krb5_set_kdc_recv_hook@@krb5_3_MIT
000000000004b834,krb5_free_ap_req@@krb5_3_MIT
000000000006cc44,k5_os_init_context@@krb5_3_MIT
000000000003aaa0,krb5_kt_default@@krb5_3_MIT
0000000000028540,decode_krb5_enc_data@@krb5_3_MIT
000000000004d540,krb5_init_creds_step@@krb5_3_MIT
000000000007cef0,krb5_set_real_time@@krb5_3_MIT
000000000003a1e4,krb5_cc_store_cred@@krb5_3_MIT
000000000005c250,krb5_get_server_rcache@@krb5_3_MIT
00000000000405e0,krb5_encode_authdata_container@@krb5_3_MIT
0000000000029580,decode_krb5_ad_kdcissued@@krb5_3_MIT
0000000000047ad0,krb5_free_keyblock@@krb5_3_MIT
0000000000032bb0,krb5_kt_register@@krb5_3_MIT
0000000000052f20,krb5_responder_otp_get_challenge@@krb5_3_MIT
0000000000054dd0,krb5_pac_verify_ext@@krb5_3_MIT
0000000000052cc4,krb5_principal2salt_norealm@@krb5_3_MIT
0000000000052dd4,krb5_responder_set_answer@@krb5_3_MIT
0000000000029c10,encode_krb5_pa_otp_challenge@@krb5_3_MIT
0000000000067520,krb5_rc_initialize@@krb5_3_MIT
00000000000525d0,krb5int_find_pa_data@@krb5_3_MIT
00000000000758f0,krb5_set_trace_callback@@krb5_3_MIT
000000000004b7e0,krb5_free_ticket@@krb5_3_MIT
0000000000029fa0,decode_krb5_kkdcp_message@@krb5_3_MIT
00000000000482d0,krb5_free_pa_for_user@@krb5_3_MIT
00000000000466b0,krb5_get_init_creds_opt_set_change_password_prompt@@krb5_3_MIT
0000000000027280,decode_krb5_as_rep@@krb5_3_MIT
000000000004fc60,krb5_get_in_tkt_with_skey@@krb5_3_MIT
00000000000277f0,decode_krb5_as_req@@krb5_3_MIT
0000000000068fa0,krb5_unpack_full_ipaddr@@krb5_3_MIT
0000000000067f34,krb5_gen_portaddr@@krb5_3_MIT
000000000002baa0,krb5_marshal_credentials@@krb5_3_MIT
0000000000053450,krb5_responder_otp_challenge_free@@krb5_3_MIT
000000000005c6c0,krb5_deltat_to_string@@krb5_3_MIT
00000000000758b4,krb5_set_time_offsets@@krb5_3_MIT
00000000000478e0,krb5_free_octet_data@@krb5_3_MIT
0000000000047440,krb5_copy_error_message@@krb5_3_MIT
00000000000329f4,krb5_cc_set_flags@@krb5_3_MIT
0000000000026f00,encode_krb5_encryption_key@@krb5_3_MIT
0000000000028ab0,encode_krb5_enc_sam_response_enc_2@@krb5_3_MIT
000000000003b800,krb5_auth_con_init@@krb5_3_MIT
000000000004ac64,krb5_free_creds@@krb5_3_MIT
000000000003bbc0,krb5_auth_con_set_req_cksumtype@@krb5_3_MIT
0000000000047a14,krb5_free_keyblock_contents@@krb5_3_MIT
0000000000047744,krb5_free_address@@krb5_3_MIT
0000000000068cf0,krb5_lock_file@@krb5_3_MIT
00000000000480a0,krb5_free_sam_challenge_2_body_contents@@krb5_3_MIT
00000000000602c0,k5_externalize_context@@krb5_3_MIT
0000000000032844,krb5_get_notification_message@@krb5_3_MIT
0000000000048560,krb5_free_iakerb_header@@krb5_3_MIT
0000000000075940,krb5_set_trace_filename@@krb5_3_MIT
0000000000077064,profile_add_relation@@krb5_3_MIT
000000000004a300,krb5_init_context_profile@@krb5_3_MIT
0000000000027e20,encode_krb5_checksum@@krb5_3_MIT
000000000002a1e0,decode_utf8_strings@@krb5_3_MIT
000000000004fe10,krb5_mk_ncred@@krb5_3_MIT
000000000002e020,krb5_cc_select@@krb5_3_MIT
000000000004ba70,krb5_init_creds_free@@krb5_3_MIT
0000000000071760,krb5_sendto_kdc@@krb5_3_MIT
0000000000046c00,krb5_get_init_creds_opt_set_pac_request@@krb5_3_MIT
0000000000068954,k5_free_serverlist@@krb5_3_MIT
00000000000416a0,krb5_425_conv_principal@@krb5_3_MIT
0000000000028bd0,encode_krb5_sam_response_2@@krb5_3_MIT
000000000004f744,krb5_get_in_tkt_with_password@@krb5_3_MIT
0000000000027160,encode_krb5_enc_kdc_rep_part@@krb5_3_MIT
0000000000028ae0,decode_krb5_enc_sam_response_enc_2@@krb5_3_MIT
0000000000067500,krb5_rc_get_lifespan@@krb5_3_MIT
0000000000029310,encode_krb5_pa_fx_fast_reply@@krb5_3_MIT
0000000000067c04,krb5_cc_set_default_name@@krb5_3_MIT
000000000003ca50,k5_size_authdata_context@@krb5_3_MIT
00000000000476d0,krb5_clear_error_message@@krb5_3_MIT
000000000003d6f0,krb5_524_convert_creds@@krb5_3_MIT
000000000003e010,krb5_copy_principal@@krb5_3_MIT
0000000000048230,krb5_free_enc_sam_response_enc_2_contents@@krb5_3_MIT
0000000000053830,krb5_realm_compare@@krb5_3_MIT
0000000000047350,krb5_wrap_error_message@@krb5_3_MIT
000000000004fa50,krb5_get_init_creds_keytab@@krb5_3_MIT
0000000000028dd0,encode_krb5_pa_for_user@@krb5_3_MIT
0000000000062e20,krb5_recvauth@@krb5_3_MIT
0000000000046e24,krb5_set_default_tgs_ktypes@@krb5_3_MIT
00000000000427c0,krb5_encrypt_tkt_part@@krb5_3_MIT
0000000000029970,encode_krb5_pkinit_supp_pub_info@@krb5_3_MIT
00000000000532c0,krb5_responder_otp_set_answer@@krb5_3_MIT
000000000002a540,decode_krb5_spake_factor@@krb5_3_MIT
000000000006c0c0,krb5_get_default_realm@@krb5_3_MIT
0000000000026e10,decode_krb5_ticket@@krb5_3_MIT
0000000000047c14,krb5_free_pa_data@@krb5_3_MIT
0000000000067e90,krb5_make_full_ipaddr@@krb5_3_MIT
0000000000041174,krb5_check_transited_list@@krb5_3_MIT
000000000002a7d0,krb5_cc_register@@krb5_3_MIT
0000000000028cf0,decode_krb5_setpw_req@@krb5_3_MIT
0000000000062e50,krb5_recvauth_version@@krb5_3_MIT
0000000000048154,krb5_free_sam_challenge_2_body@@krb5_3_MIT
00000000000764f4,profile_get_integer@@krb5_3_MIT
000000000003b690,krb5_address_order@@krb5_3_MIT
000000000003d730,krb524_init_ets@@krb5_3_MIT
0000000000047b80,k5_zapfree_pa_data@@krb5_3_MIT
0000000000069400,krb5_free_realm_tree@@krb5_3_MIT
000000000002a630,encode_krb5_pa_spake@@krb5_3_MIT
0000000000048264,krb5_free_enc_sam_response_enc_2@@krb5_3_MIT
000000000002c3f4,krb5_cc_copy_creds@@krb5_3_MIT
000000000005b800,k5_externalize_authdata@@krb5_3_MIT
00000000000299a0,encode_krb5_sp80056a_other_info@@krb5_3_MIT
0000000000057700,k5_plugin_load_all@@krb5_3_MIT
0000000000041a80,krb5_copy_addresses@@krb5_3_MIT
00000000000296a0,decode_krb5_iakerb_header@@krb5_3_MIT
000000000002a420,decode_krb5_pa_pac_options@@krb5_3_MIT
000000000004a1f0,krb5_free_context@@krb5_3_MIT
000000000003d710,krb524_convert_creds_kdc@@krb5_3_MIT
0000000000029130,decode_krb5_pa_fx_fast_request@@krb5_3_MIT
000000000003cbd0,krb5_free_authdata@@krb5_3_MIT
0000000000029b20,decode_krb5_otp_tokeninfo@@krb5_3_MIT
000000000003c494,krb5_authdata_export_internal@@krb5_3_MIT
000000000003bdb0,krb5_auth_con_get_authdata_context@@krb5_3_MIT
0000000000050990,krb5_mk_rep_dce@@krb5_3_MIT
00000000000385c0,k5_kt_get_principal@@krb5_3_MIT
0000000000047c70,krb5_free_principal@@krb5_3_MIT
00000000000693c0,krb5_set_kdc_send_hook@@krb5_3_MIT
000000000003bc90,krb5_auth_con_setivector@@krb5_3_MIT
000000000003bcb0,krb5_auth_con_getivector@@krb5_3_MIT
000000000004a8a0,krb5_copy_context@@krb5_3_MIT
00000000000482a0,krb5_free_pa_enc_ts@@krb5_3_MIT
0000000000027370,encode_krb5_tgs_rep@@krb5_3_MIT
0000000000026a10,encode_krb5_tgs_req@@krb5_3_MIT
00000000000280c0,decode_krb5_error@@krb5_3_MIT
0000000000076140,profile_get_relation_names@@krb5_3_MIT
000000000005c270,krb5_string_to_salttype@@krb5_3_MIT
000000000003bbe0,krb5_auth_con_set_safe_cksumtype@@krb5_3_MIT
0000000000062700,krb5_rd_req_decoded@@krb5_3_MIT
0000000000054bd0,krb5_pac_sign_ext@@krb5_3_MIT
00000000000264a0,initialize_kdb5_error_table@@krb5_3_MIT
0000000000051a04,krb5_pac_add_buffer@@krb5_3_MIT
0000000000042050,krb5_copy_ticket@@krb5_3_MIT
00000000000715b0,krb5_change_password@@krb5_3_MIT
00000000000538b4,krb5int_random_string@@krb5_3_MIT
000000000003c5c0,krb5_authdata_free_internal@@krb5_3_MIT
000000000003cb20,krb5_auth_con_getaddrs@@krb5_3_MIT
0000000000075a30,profile_free_list@@krb5_3_MIT
00000000000400b0,krb5_auth_con_free@@krb5_3_MIT
0000000000047780,krb5_free_addresses@@krb5_3_MIT
00000000000787e0,profile_ser_internalize@@krb5_3_MIT
0000000000046820,krb5_get_init_creds_opt_free_pa@@krb5_3_MIT
0000000000040940,krb5_decode_authdata_container@@krb5_3_MIT
000000000006cf40,krb5_set_config_files@@krb5_3_MIT
00000000000279d0,decode_krb5_kdc_req_body@@krb5_3_MIT
000000000006cfd0,k5_os_free_context@@krb5_3_MIT
00000000000282d0,encode_krb5_etype_info@@krb5_3_MIT
000000000005c830,krb5_verify_init_creds_opt_init@@krb5_3_MIT
000000000006a304,k5_expand_path_tokens@@krb5_3_MIT
0000000000067a20,krb5_crypto_us_timeofday@@krb5_3_MIT
00000000000483c0,krb5_free_fast_response@@krb5_3_MIT
000000000003cfe4,krb5_build_principal@@krb5_3_MIT
0000000000040d24,krb5_verify_authdata_kdc_issued@@krb5_3_MIT
000000000003eee4,krb5_kt_read_service_key@@krb5_3_MIT
0000000000027050,decode_krb5_enc_tkt_part@@krb5_3_MIT
0000000000033090,krb5_kt_remove_entry@@krb5_3_MIT
000000000003e654,krb5_auth_con_setpermetypes@@krb5_3_MIT
000000000002dbb0,krb5_cccol_have_content@@krb5_3_MIT
0000000000075814,krb5_set_debugging_time@@krb5_3_MIT
0000000000052b10,k5_plugin_free_modules@@krb5_3_MIT
0000000000027254,encode_krb5_as_rep@@krb5_3_MIT
000000000002b024,krb5_cccol_cursor_new@@krb5_3_MIT
00000000000269e0,encode_krb5_as_req@@krb5_3_MIT
000000000006a4a0,krb5_cc_default_name@@krb5_3_MIT
0000000000050324,krb5_mk_error@@krb5_3_MIT
000000000003dd40,krb5_build_principal_ext@@krb5_3_MIT
0000000000047ed0,krb5_free_priv_enc_part@@krb5_3_MIT
0000000000075770,krb5_check_clockskew@@krb5_3_MIT
00000000000640d4,k5_size_auth_context@@krb5_3_MIT
000000000005c3a0,krb5_string_to_timestamp@@krb5_3_MIT
000000000003bcf4,krb5_auth_con_getflags@@krb5_3_MIT
0000000000048750,k5_free_pa_otp_req@@krb5_3_MIT
0000000000026600,initialize_k5e1_error_table@@krb5_3_MIT
00000000000329d0,krb5_cc_end_seq_get@@krb5_3_MIT
000000000003b8e4,krb5_auth_con_getkey_k@@krb5_3_MIT
000000000004a850,krb5_init_secure_context@@krb5_3_MIT
0000000000052d14,krb5_responder_get_challenge@@krb5_3_MIT
000000000005c1d0,krb5_set_principal_realm@@krb5_3_MIT
000000000004bbf0,krb5_free_fast_req@@krb5_3_MIT
000000000006a5b0,krb5_kt_default_name@@krb5_3_MIT
000000000003bd64,krb5_auth_con_set_checksum_func@@krb5_3_MIT
000000000002c510,k5_unmarshal_cred@@krb5_3_MIT
0000000000069da0,krb5_get_realm_domain@@krb5_3_MIT
0000000000046f80,krb5_vwrap_error_message@@krb5_3_MIT
000000000002ab74,krb5_cc_dup@@krb5_3_MIT
000000000006c260,krb5_get_fallback_host_realm@@krb5_3_MIT
0000000000028750,encode_krb5_padata_sequence@@krb5_3_MIT
00000000000526e0,k5_add_pa_data_element@@krb5_3_MIT
0000000000067f80,krb5_gen_replay_name@@krb5_3_MIT
0000000000027f70,encode_krb5_enc_cred_part@@krb5_3_MIT
0000000000054e70,krb5_pac_verify@@krb5_3_MIT
000000000005db34,krb5int_tgtname@@krb5_3_MIT
0000000000046b80,krb5_get_init_creds_opt_set_expire_callback@@krb5_3_MIT
0000000000041370,krb5_524_conv_principal@@krb5_3_MIT
0000000000048510,krb5int_free_data_list@@krb5_3_MIT
0000000000045c10,krb5_tkt_creds_get@@krb5_3_MIT
0000000000048830,k5_free_secure_cookie@@krb5_3_MIT
000000000003cf00,krb5_build_principal_va@@krb5_3_MIT
0000000000048d90,krb5_init_creds_get_creds@@krb5_3_MIT
0000000000046590,krb5_get_init_creds_opt_set_canonicalize@@krb5_3_MIT
00000000000601c4,k5_size_context@@krb5_3_MIT
00000000000778d0,profile_flush_to_buffer@@krb5_3_MIT
000000000002b450,k5_marshal_cred@@krb5_3_MIT
0000000000055330,krb5_kdc_sign_ticket@@krb5_3_MIT
0000000000045ee0,krb5_fwd_tgt_creds@@krb5_3_MIT
00000000000275e0,decode_krb5_ap_rep@@krb5_3_MIT
0000000000052610,k5_alloc_pa_data@@krb5_3_MIT
00000000000274c0,decode_krb5_ap_req@@krb5_3_MIT
0000000000029430,encode_krb5_fast_response@@krb5_3_MIT
0000000000064250,k5_externalize_principal@@krb5_3_MIT
0000000000028090,encode_krb5_error@@krb5_3_MIT
000000000003db44,krb5_copy_data@@krb5_3_MIT
0000000000046bc0,krb5_get_init_creds_opt_set_responder@@krb5_3_MIT
000000000004b994,krb5_free_tkt_authent@@krb5_3_MIT
0000000000029e50,encode_krb5_pa_otp_enc_req@@krb5_3_MIT
000000000002d8e0,krb5_cc_default@@krb5_3_MIT
00000000000674c0,krb5_rc_default@@krb5_3_MIT
000000000003dff0,krb5_copy_keyblock@@krb5_3_MIT
000000000005b730,krb5_ser_pack_int32@@krb5_3_MIT
00000000000536f0,krb5_responder_pkinit_get_challenge@@krb5_3_MIT
000000000003ab40,krb5_kt_client_default@@krb5_3_MIT
0000000000029d30,encode_krb5_pa_otp_req@@krb5_3_MIT
00000000000276d0,encode_krb5_ap_rep_enc_part@@krb5_3_MIT
0000000000067380,k5_rc_close@@krb5_3_MIT
0000000000042610,krb5_encode_kdc_rep@@krb5_3_MIT
000000000003c6e0,krb5_authdata_context_copy@@krb5_3_MIT
00000000000785f0,profile_ser_size@@krb5_3_MIT
0000000000045db0,krb5_get_credentials@@krb5_3_MIT
0000000000032930,krb5_cc_close@@krb5_3_MIT
000000000003d8f0,krb5_copy_checksum@@krb5_3_MIT
0000000000044f14,krb5_tkt_creds_init@@krb5_3_MIT
00000000000464e0,krb5_get_init_creds_opt_set_tkt_life@@krb5_3_MIT
0000000000027d00,encode_krb5_enc_priv_part@@krb5_3_MIT
0000000000047820,krb5_free_checksum_contents@@krb5_3_MIT
000000000005b0e0,krb5_rd_error@@krb5_3_MIT
0000000000041eb4,krb5_copy_authenticator@@krb5_3_MIT
0000000000053890,krb5_is_referral_realm@@krb5_3_MIT
000000000005c874,krb5_rd_priv@@krb5_3_MIT
000000000005c300,krb5_salttype_to_string@@krb5_3_MIT
0000000000029a00,decode_krb5_typed_data@@krb5_3_MIT
0000000000028780,decode_krb5_padata_sequence@@krb5_3_MIT
00000000000486c0,k5_free_pa_otp_challenge@@krb5_3_MIT
00000000000283f0,encode_krb5_etype_info2@@krb5_3_MIT
000000000005abb0,krb5_rd_cred@@krb5_3_MIT
0000000000046480,krb5_init_creds_get_times@@krb5_3_MIT
000000000002c080,krb5_cc_new_unique@@krb5_3_MIT
000000000003baf0,krb5_auth_con_getsendsubkey_k@@krb5_3_MIT
0000000000042030,krb5_auth_con_getauthenticator@@krb5_3_MIT
000000000003bd40,krb5_auth_con_getrcache@@krb5_3_MIT
000000000005d1e0,krb5_server_decrypt_ticket_keytab@@krb5_3_MIT
0000000000027be0,encode_krb5_priv@@krb5_3_MIT
0000000000047074,krb5_prepend_error_message@@krb5_3_MIT
00000000000643a0,k5_externalize_auth_context@@krb5_3_MIT
000000000007cd40,krb5_sname_to_principal@@krb5_3_MIT
0000000000027e50,encode_krb5_cred@@krb5_3_MIT
0000000000075880,krb5_get_time_offsets@@krb5_3_MIT
0000000000045120,krb5_tkt_creds_step@@krb5_3_MIT
0000000000048a64,krb5int_parse_enctype_list@@krb5_3_MIT
0000000000046530,krb5_get_init_creds_opt_set_forwardable@@krb5_3_MIT
0000000000076780,profile_release_string@@krb5_3_MIT
00000000000424d0,krb5_decrypt_tkt_part@@krb5_3_MIT
000000000003bdd4,krb5_auth_con_set_authdata_context@@krb5_3_MIT
000000000003a484,krb5_cc_remove_cred@@krb5_3_MIT
0000000000028e00,decode_krb5_pa_for_user@@krb5_3_MIT
00000000000488d4,k5_free_pa_spake@@krb5_3_MIT
00000000000759e0,k5_init_trace@@krb5_3_MIT
0000000000047e34,krb5_free_error@@krb5_3_MIT
0000000000032a40,krb5_is_config_principal@@krb5_3_MIT
0000000000027700,decode_krb5_ap_rep_enc_part@@krb5_3_MIT
000000000002be74,k5_unmarshal_princ@@krb5_3_MIT
00000000000678e0,krb5int_accessor@@krb5_3_MIT
00000000000263f0,initialize_asn1_error_table@@krb5_3_MIT
000000000003bb80,krb5_auth_con_getrecvsubkey_k@@krb5_3_MIT
0000000000069034,krb5_get_prompt_types@@krb5_3_MIT
0000000000028f50,decode_krb5_pa_s4u_x509_user@@krb5_3_MIT
000000000006fc10,k5_locate_kdc@@krb5_3_MIT
000000000005bb84,krb5_ser_unpack_int32@@krb5_3_MIT
0000000000026550,initialize_krb5_error_table@@krb5_3_MIT
0000000000029790,encode_krb5_iakerb_finished@@krb5_3_MIT
0000000000063f04,k5_size_principal@@krb5_3_MIT
0000000000046680,krb5_get_init_creds_opt_set_salt@@krb5_3_MIT
0000000000068510,krb5_get_default_config_files@@krb5_3_MIT
00000000000688e4,k5_localauth_free_context@@krb5_3_MIT
00000000000281b0,encode_krb5_authdata@@krb5_3_MIT
000000000002a660,decode_krb5_pa_spake@@krb5_3_MIT
000000000003fdb0,k5_internalize_authdata_context@@krb5_3_MIT
00000000000266b0,initialize_kv5m_error_table@@krb5_3_MIT
0000000000050294,krb5_mk_1cred@@krb5_3_MIT
000000000003a4f4,krb5_cc_retrieve_cred@@krb5_3_MIT
000000000003b990,krb5_auth_con_setsendsubkey_k@@krb5_3_MIT
000000000004ece0,krb5_get_in_tkt_with_keytab@@krb5_3_MIT
000000000003bd84,krb5_auth_con_get_checksum_func@@krb5_3_MIT
000000000004a150,krb5_is_permitted_enctype@@krb5_3_MIT
000000000003b630,krb5_address_compare@@krb5_3_MIT
000000000003cc30,krb5_authdata_export_authdata@@krb5_3_MIT
