0000000000005d34,k5_path_join@@krb5support_0_MIT
0000000000003910,krb5int_mutex_free@@krb5support_0_MIT
00000000000069f0,k5_json_string_unbase64@@krb5support_0_MIT
0000000000007ba0,k5_siphash24@@krb5support_0_MIT
0000000000004590,k5_free_error@@krb5support_0_MIT
0000000000004c14,k5_set_error_info_callout_fn@@krb5support_0_MIT
0000000000004e10,k5_buf_add_len@@krb5support_0_MIT
0000000000005590,krb5int_utf8_to_ucs4@@krb5support_0_MIT
0000000000007c54,k5_hashtab_free@@krb5support_0_MIT
0000000000003d60,k5_once@@krb5support_0_MIT
0000000000007780,k5_json_encode@@krb5support_0_MIT
0000000000004854,krb5int_get_plugin_func@@krb5support_0_MIT
0000000000008200,krb5int_open_plugin_dirs@@krb5support_0_MIT
0000000000004600,k5_vset_error@@krb5support_0_MIT
0000000000005550,krb5int_gai_strerror@@krb5support_0_MIT
00000000000042b0,krb5int_free_plugin_dir_func@@krb5support_0_MIT
0000000000004d80,k5_buf_init_dynamic@@krb5support_0_MIT
0000000000007914,k5_hex_encode@@krb5support_0_MIT
0000000000005e50,k5_base64_encode@@krb5support_0_MIT
00000000000080a0,k5_free_filenames@@krb5support_0_MIT
00000000000038d0,k5_os_mutex_destroy@@krb5support_0_MIT
0000000000003810,k5_os_mutex_init@@krb5support_0_MIT
0000000000003ce0,krb5int_mutex_unlock@@krb5support_0_MIT
0000000000003f00,krb5int_setspecific@@krb5support_0_MIT
0000000000006304,k5_json_null_create_val@@krb5support_0_MIT
0000000000006924,k5_json_string_create@@krb5support_0_MIT
0000000000003e14,krb5int_getspecific@@krb5support_0_MIT
00000000000060e0,k5_json_retain@@krb5support_0_MIT
0000000000004d34,k5_buf_init_fixed@@krb5support_0_MIT
0000000000004dd0,k5_buf_init_dynamic_zap@@krb5support_0_MIT
0000000000005770,k5_utf8_to_utf16le@@krb5support_0_MIT
00000000000045d0,k5_clear_error@@krb5support_0_MIT
0000000000005d10,k5_path_isabs@@krb5support_0_MIT
0000000000004234,krb5int_close_plugin_dirs@@krb5support_0_MIT
0000000000006b00,k5_json_array_fmt@@krb5support_0_MIT
0000000000006510,k5_json_array_length@@krb5support_0_MIT
0000000000006130,k5_json_release@@krb5support_0_MIT
0000000000005b90,krb5int_zap@@krb5support_0_MIT
0000000000006960,k5_json_string_create_base64@@krb5support_0_MIT
0000000000003ba0,krb5int_key_delete@@krb5support_0_MIT
0000000000004ad0,krb5int_get_plugin_dir_data@@krb5support_0_MIT
0000000000004f70,k5_buf_truncate@@krb5support_0_MIT
00000000000074b0,k5_json_number_value@@krb5support_0_MIT
0000000000005320,k5_buf_add_fmt@@krb5support_0_MIT
0000000000005530,krb5int_freeaddrinfo@@krb5support_0_MIT
0000000000004ec0,k5_buf_cstring@@krb5support_0_MIT
0000000000005510,krb5int_getaddrinfo@@krb5support_0_MIT
0000000000003854,krb5int_mutex_alloc@@krb5support_0_MIT
0000000000005080,k5_buf_add_vfmt@@krb5support_0_MIT
0000000000005680,krb5int_ucs4_to_utf8@@krb5support_0_MIT
0000000000007840,k5_json_decode@@krb5support_0_MIT
00000000000062a0,k5_json_null_create@@krb5support_0_MIT
0000000000006560,k5_json_array_set@@krb5support_0_MIT
0000000000005960,k5_utf16le_to_utf8@@krb5support_0_MIT
00000000000069d0,k5_json_string_utf8@@krb5support_0_MIT
0000000000007e30,k5_hashtab_remove@@krb5support_0_MIT
0000000000004ff0,k5_buf_free@@krb5support_0_MIT
0000000000003a00,k5_os_mutex_unlock@@krb5support_0_MIT
0000000000003980,krb5int_mutex_lock@@krb5support_0_MIT
0000000000007a10,k5_hex_decode@@krb5support_0_MIT
0000000000005f94,k5_base64_decode@@krb5support_0_MIT
0000000000004a30,krb5int_get_plugin_data@@krb5support_0_MIT
00000000000065c0,k5_json_object_create@@krb5support_0_MIT
00000000000066c0,k5_json_object_set@@krb5support_0_MIT
0000000000005bd0,k5_path_split@@krb5support_0_MIT
0000000000006370,k5_json_bool_create@@krb5support_0_MIT
0000000000004294,krb5int_free_plugin_dir_data@@krb5support_0_MIT
0000000000004200,krb5int_close_plugin@@krb5support_0_MIT
0000000000004f14,k5_buf_get_space@@krb5support_0_MIT
00000000000080f0,k5_dir_filenames@@krb5support_0_MIT
0000000000004e80,k5_buf_add@@krb5support_0_MIT
0000000000005570,krb5int_getnameinfo@@krb5support_0_MIT
0000000000006820,k5_json_object_iterate@@krb5support_0_MIT
0000000000003940,k5_os_mutex_lock@@krb5support_0_MIT
0000000000007f34,k5_hashtab_get@@krb5support_0_MIT
0000000000007bc0,k5_hashtab_create@@krb5support_0_MIT
0000000000007fd0,k5_bcmp@@krb5support_0_MIT
0000000000006624,k5_json_object_count@@krb5support_0_MIT
00000000000054f0,krb5int_gmt_mktime@@krb5support_0_MIT
0000000000004764,krb5int_open_plugin@@krb5support_0_MIT
0000000000006530,k5_json_array_get@@krb5support_0_MIT
0000000000008030,k5_strerror_r@@krb5support_0_MIT
0000000000006280,k5_json_get_tid@@krb5support_0_MIT
00000000000063e4,k5_json_bool_value@@krb5support_0_MIT
00000000000042d0,k5_get_error@@krb5support_0_MIT
0000000000006890,k5_json_string_create_len@@krb5support_0_MIT
0000000000006400,k5_json_array_create@@krb5support_0_MIT
0000000000003654,krb5int_pthread_loaded@@krb5support_0_MIT
0000000000006a90,k5_json_number_create@@krb5support_0_MIT
0000000000006640,k5_json_object_get@@krb5support_0_MIT
00000000000048f0,krb5int_get_plugin_dir_func@@krb5support_0_MIT
0000000000007ce0,k5_hashtab_add@@krb5support_0_MIT
0000000000004fc0,k5_buf_status@@krb5support_0_MIT
0000000000004044,krb5int_key_register@@krb5support_0_MIT
00000000000046b0,k5_set_error@@krb5support_0_MIT
0000000000006464,k5_json_array_add@@krb5support_0_MIT
