0000000000007280,krb5_finish_random_key@@k5crypto_3_MIT
0000000000008100,krb5_c_make_random_key@@k5crypto_3_MIT
0000000000007350,krb5_checksum_size@@k5crypto_3_MIT
0000000000008d60,krb5_k_verify_checksum_iov@@k5crypto_3_MIT
0000000000004850,krb5_cksumtype_to_string@@k5crypto_3_MIT
00000000000074d4,krb5_encrypt_data@@k5crypto_3_MIT
00000000000073c0,krb5_calculate_checksum@@k5crypto_3_MIT
000000000000b1e0,krb5int_derive_random@@k5crypto_3_MIT
0000000000008940,valid_cksumtype@@k5crypto_3_MIT
0000000000008630,krb5_string_to_cksumtype@@k5crypto_3_MIT
00000000000054b4,krb5_k_encrypt_iov@@k5crypto_3_MIT
00000000000061c0,krb5_c_encrypt_iov@@k5crypto_3_MIT
0000000000006100,krb5_c_encrypt@@k5crypto_3_MIT
0000000000005750,krb5_c_enctype_compare@@k5crypto_3_MIT
0000000000006280,krb5int_arcfour_gsscrypt@@k5crypto_3_MIT
0000000000018630,krb5int_aes_decrypt@@k5crypto_3_MIT
00000000000047d0,krb5_c_checksum_length@@k5crypto_3_MIT
0000000000005294,krb5_k_encrypt@@k5crypto_3_MIT
0000000000006040,krb5_c_decrypt_iov@@k5crypto_3_MIT
0000000000004ef0,krb5_k_decrypt_iov@@k5crypto_3_MIT
0000000000005c20,krb5int_c_init_keyblock@@k5crypto_3_MIT
0000000000008360,krb5_c_random_seed@@k5crypto_3_MIT
00000000000072a0,krb5_eblock_enctype@@k5crypto_3_MIT
0000000000008520,krb5_c_init_state@@k5crypto_3_MIT
00000000000088e0,krb5_c_valid_cksumtype@@k5crypto_3_MIT
00000000000072e0,krb5_encrypt_size@@k5crypto_3_MIT
0000000000005670,krb5int_c_weak_enctype@@k5crypto_3_MIT
0000000000005994,krb5_enctype_to_name@@k5crypto_3_MIT
0000000000007010,krb5_encrypt@@k5crypto_3_MIT
0000000000006670,krb5_free_cksumtypes@@k5crypto_3_MIT
0000000000005d30,krb5_k_free_key@@k5crypto_3_MIT
0000000000008ca0,krb5_verify_checksum@@k5crypto_3_MIT
0000000000007b40,krb5_c_derive_prfplus@@k5crypto_3_MIT
0000000000007264,krb5_finish_key@@k5crypto_3_MIT
00000000000048f0,krb5_c_is_coll_proof_cksum@@k5crypto_3_MIT
00000000000085b0,krb5_c_free_state@@k5crypto_3_MIT
00000000000056e0,krb5int_c_deprecated_enctype@@k5crypto_3_MIT
0000000000008894,krb5_c_string_to_key@@k5crypto_3_MIT
0000000000006490,krb5_c_is_keyed_cksum@@k5crypto_3_MIT
0000000000005ee4,krb5_k_create_key@@k5crypto_3_MIT
00000000000063e4,krb5int_c_copy_keyblock@@k5crypto_3_MIT
0000000000005c00,krb5_k_key_enctype@@k5crypto_3_MIT
0000000000009060,krb5_c_verify_checksum_iov@@k5crypto_3_MIT
0000000000015740,k5_sha256@@k5crypto_3_MIT
0000000000008704,krb5_c_string_to_key_with_params@@k5crypto_3_MIT
0000000000004c60,krb5_k_decrypt@@k5crypto_3_MIT
0000000000006ec4,krb5int_nfold@@k5crypto_3_MIT
0000000000005b04,k5_enctype_to_ssf@@k5crypto_3_MIT
0000000000005900,krb5_enctype_to_string@@k5crypto_3_MIT
0000000000007730,krb5_k_prf@@k5crypto_3_MIT
0000000000005e34,krb5int_c_free_keyblock@@k5crypto_3_MIT
0000000000007140,krb5_decrypt@@k5crypto_3_MIT
0000000000005cd0,krb5int_c_free_keyblock_contents@@k5crypto_3_MIT
0000000000007d00,krb5_c_fx_cf2_simple@@k5crypto_3_MIT
000000000000b870,krb5int_derive_key@@k5crypto_3_MIT
0000000000008960,krb5_k_verify_checksum@@k5crypto_3_MIT
00000000000082b4,krb5_random_key@@k5crypto_3_MIT
0000000000008344,krb5_c_random_add_entropy@@k5crypto_3_MIT
0000000000004a44,krb5_c_padding_length@@k5crypto_3_MIT
0000000000004964,krb5_c_crypto_length@@k5crypto_3_MIT
0000000000007830,krb5_c_prf@@k5crypto_3_MIT
000000000001a300,krb5int_camellia_encrypt@@k5crypto_3_MIT
0000000000004750,krb5_c_block_size@@k5crypto_3_MIT
0000000000006474,krb5_k_key_keyblock@@k5crypto_3_MIT
0000000000005530,krb5_c_encrypt_length@@k5crypto_3_MIT
0000000000006b20,krb5_k_make_checksum_iov@@k5crypto_3_MIT
0000000000008380,krb5_init_random_key@@k5crypto_3_MIT
0000000000009134,krb5int_cmac_checksum@@k5crypto_3_MIT
0000000000006e00,krb5_c_make_checksum_iov@@k5crypto_3_MIT
0000000000008400,krb5_c_random_os_entropy@@k5crypto_3_MIT
0000000000005834,krb5_string_to_enctype@@k5crypto_3_MIT
0000000000006a50,krb5_c_make_checksum@@k5crypto_3_MIT
000000000000ac60,krb5int_hmac@@k5crypto_3_MIT
0000000000007640,is_keyed_cksum@@k5crypto_3_MIT
0000000000007244,krb5_process_key@@k5crypto_3_MIT
0000000000005f80,krb5_c_decrypt@@k5crypto_3_MIT
0000000000005bd4,krb5_k_reference_key@@k5crypto_3_MIT
0000000000007680,valid_enctype@@k5crypto_3_MIT
0000000000008420,krb5_c_random_to_key@@k5crypto_3_MIT
00000000000088b4,krb5_string_to_key@@k5crypto_3_MIT
0000000000007fa4,krb5_c_random_make_octets@@k5crypto_3_MIT
0000000000006690,krb5_c_keylengths@@k5crypto_3_MIT
00000000000076a0,krb5_c_prf_length@@k5crypto_3_MIT
0000000000004ae0,krb5_c_crypto_length_iov@@k5crypto_3_MIT
00000000000176c4,krb5int_aes_encrypt@@k5crypto_3_MIT
00000000000072c0,krb5_use_enctype@@k5crypto_3_MIT
0000000000007660,is_coll_proof_cksum@@k5crypto_3_MIT
00000000000078e0,krb5_c_prfplus@@k5crypto_3_MIT
00000000000067b0,krb5_k_make_checksum@@k5crypto_3_MIT
0000000000005e60,krb5int_c_copy_keyblock_contents@@k5crypto_3_MIT
0000000000005614,krb5_c_valid_enctype@@k5crypto_3_MIT
0000000000006504,krb5_c_keyed_checksum_types@@k5crypto_3_MIT
0000000000006734,krb5int_c_mandatory_cksumtype@@k5crypto_3_MIT
0000000000008bc4,krb5_c_verify_checksum@@k5crypto_3_MIT
