00000000000076cc,MD5Data@@LIBMD_0.0
0000000000006aa0,SHA512Final@@LIBMD_0.0
0000000000007a84,SHA1End@@LIBMD_0.0
0000000000008704,SHA512End@@LIBMD_0.0
00000000000087e0,SHA512FileChunk@@LIBMD_0.0
00000000000071c0,MD4FileChunk@@LIBMD_0.0
0000000000002660,MD5Init@@LIBMD_0.0
000000000000800c,SHA224File@@LIBMD_0.1
0000000000003208,MD5Pad@@LIBMD_0.0
0000000000007da4,SHA224End@@LIBMD_0.1
000000000000866c,SHA384Data@@LIBMD_0.0
000000000000704c,MD2Data@@LIBMD_0.0
0000000000008b00,SHA512_256FileChunk@@LIBMD_0.1
0000000000008a24,SHA512_256End@@LIBMD_0.1
0000000000001b80,MD2Init@@LIBMD_0.0
0000000000006b60,SHA384Init@@LIBMD_0.0
00000000000084c0,SHA384FileChunk@@LIBMD_0.0
0000000000001bc0,MD2Transform@@LIBMD_0.0
0000000000006260,SHA256Pad@@LIBMD_0.0
000000000000802c,SHA224Data@@LIBMD_0.1
000000000000610c,SHA256Update@@LIBMD_0.0
0000000000005e68,SHA224Init@@LIBMD_0.1
0000000000001c8c,MD2Update@@LIBMD_0.0
00000000000083e4,SHA384End@@LIBMD_0.0
00000000000070e0,MD4End@@LIBMD_0.0
0000000000006544,SHA512Transform@@LIBMD_0.0
0000000000006e80,MD2FileChunk@@LIBMD_0.0
0000000000006544,SHA512_256Transform@@LIBMD_0.1
00000000000079cc,RMD160File@@LIBMD_0.0
0000000000007b60,SHA1FileChunk@@LIBMD_0.0
0000000000002420,MD4Update@@LIBMD_0.0
0000000000005d00,SHA1Pad@@LIBMD_0.0
0000000000006920,SHA512Pad@@LIBMD_0.0
00000000000049cc,RMD160Update@@LIBMD_0.0
0000000000006260,SHA224Pad@@LIBMD_0.1
00000000000079ec,RMD160Data@@LIBMD_0.0
0000000000006920,SHA512_256Pad@@LIBMD_0.1
0000000000006ce0,SHA512_256Final@@LIBMD_0.1
00000000000067c0,SHA512_256Update@@LIBMD_0.1
00000000000081a0,SHA256FileChunk@@LIBMD_0.0
0000000000003340,RMD160Init@@LIBMD_0.0
0000000000007760,RMD160End@@LIBMD_0.0
0000000000003380,RMD160Transform@@LIBMD_0.0
0000000000008c8c,SHA512_256File@@LIBMD_0.1
0000000000007e80,SHA224FileChunk@@LIBMD_0.1
0000000000006da4,MD2End@@LIBMD_0.0
00000000000025cc,MD4Final@@LIBMD_0.0
000000000000736c,MD4File@@LIBMD_0.0
000000000000896c,SHA512File@@LIBMD_0.0
0000000000004b80,RMD160Final@@LIBMD_0.0
0000000000008cac,SHA512_256Data@@LIBMD_0.1
0000000000002688,MD5Transform@@LIBMD_0.0
0000000000005c20,SHA1Update@@LIBMD_0.0
0000000000006920,SHA384Pad@@LIBMD_0.0
0000000000006c80,SHA512_256Init@@LIBMD_0.1
0000000000004c00,SHA1Transform@@LIBMD_0.0
0000000000007420,MD5End@@LIBMD_0.0
0000000000002528,MD4Pad@@LIBMD_0.0
000000000000898c,SHA512Data@@LIBMD_0.0
000000000000738c,MD4Data@@LIBMD_0.0
0000000000007cec,SHA1File@@LIBMD_0.0
0000000000006bc0,SHA384Final@@LIBMD_0.0
00000000000064ec,SHA512Init@@LIBMD_0.0
0000000000001dac,MD4Init@@LIBMD_0.0
000000000000832c,SHA256File@@LIBMD_0.0
0000000000007840,RMD160FileChunk@@LIBMD_0.0
0000000000003108,MD5Update@@LIBMD_0.0
00000000000080c4,SHA256End@@LIBMD_0.0
0000000000005ec0,SHA256Transform@@LIBMD_0.0
00000000000067c0,SHA384Update@@LIBMD_0.0
000000000000610c,SHA224Update@@LIBMD_0.1
00000000000067c0,SHA512Update@@LIBMD_0.0
0000000000001de0,MD4Transform@@LIBMD_0.0
0000000000006380,SHA224Final@@LIBMD_0.1
0000000000007d0c,SHA1Data@@LIBMD_0.0
000000000000834c,SHA256Data@@LIBMD_0.0
0000000000005ec0,SHA224Transform@@LIBMD_0.1
0000000000005be8,SHA1Init@@LIBMD_0.0
000000000000640c,SHA256Init@@LIBMD_0.0
0000000000001d40,MD2Final@@LIBMD_0.0
0000000000005e00,SHA1Final@@LIBMD_0.0
0000000000007500,MD5FileChunk@@LIBMD_0.0
0000000000006544,SHA384Transform@@LIBMD_0.0
0000000000004ad0,RMD160Pad@@LIBMD_0.0
00000000000032b0,MD5Final@@LIBMD_0.0
00000000000076ac,MD5File@@LIBMD_0.0
000000000000864c,SHA384File@@LIBMD_0.0
000000000000702c,MD2File@@LIBMD_0.0
0000000000006460,SHA256Final@@LIBMD_0.0
