0000000000009fe0,pam_modutil_getlogin@@LIBPAM_MODUTIL_1.0
0000000000008aac,pam_open_session@@LIBPAM_1.0
0000000000008b00,pam_close_session@@LIBPAM_1.0
00000000000095d0,pam_modutil_read@@LIBPAM_MODUTIL_1.0
00000000000078e0,pam_get_authtok_verify@@LIBPAM_EXTENSION_1.1.1
0000000000003d60,pam_set_data@@LIBPAM_1.0
0000000000006288,pam_set_item@@LIBPAM_1.0
0000000000003340,pam_get_data@@LIBPAM_1.0
00000000000097ac,pam_modutil_getgrgid@@LIBPAM_MODUTIL_1.0
0000000000006f40,pam_vprompt@@LIBPAM_EXTENSION_1.0
0000000000003924,pam_syslog@@LIBPAM_EXTENSION_1.0
0000000000003b30,pam_get_item@@LIBPAM_1.0
0000000000006f00,pam_start_confdir@@LIBPAM_1.4
000000000000a768,pam_modutil_search_key@@LIBPAM_MODUTIL_1.3.2
0000000000007890,pam_get_authtok@@LIBPAM_EXTENSION_1.1
0000000000009df0,pam_modutil_getspnam@@LIBPAM_MODUTIL_1.0
00000000000088c0,pam_setcred@@LIBPAM_1.0
000000000000a100,pam_modutil_user_in_group_nam_gid@@LIBPAM_MODUTIL_1.0
0000000000006f20,pam_start@@LIBPAM_1.0
00000000000033f0,pam_fail_delay@@LIBPAM_1.0
00000000000096c0,pam_modutil_write@@LIBPAM_MODUTIL_1.0
0000000000003460,pam_strerror@@LIBPAM_1.0
000000000000914c,pam_modutil_audit_write@@LIBPAM_MODUTIL_1.1
00000000000071a8,pam_prompt@@LIBPAM_EXTENSION_1.0
00000000000093e0,pam_modutil_getpwnam@@LIBPAM_MODUTIL_1.0
0000000000008750,pam_acct_mgmt@@LIBPAM_1.0
000000000000a144,pam_modutil_user_in_group_uid_nam@@LIBPAM_MODUTIL_1.0
00000000000078ac,pam_get_authtok_noverify@@LIBPAM_EXTENSION_1.1.1
00000000000067a8,pam_get_user@@LIBPAM_1.0
000000000000a600,pam_modutil_sanitize_helper_fds@@LIBPAM_MODUTIL_1.1.9
0000000000009200,pam_modutil_check_user_in_passwd@@LIBPAM_MODUTIL_1.4.1
0000000000004280,pam_getenvlist@@LIBPAM_1.0
0000000000008920,pam_chauthtok@@LIBPAM_1.0
0000000000008b60,pam_end@@LIBPAM_1.0
00000000000087a4,pam_authenticate@@LIBPAM_1.0
0000000000003ea0,pam_putenv@@LIBPAM_1.0
000000000000a488,pam_modutil_regain_priv@@LIBPAM_MODUTIL_1.1.3
000000000000372c,pam_vsyslog@@LIBPAM_EXTENSION_1.0
0000000000009c00,pam_modutil_getgrnam@@LIBPAM_MODUTIL_1.0
00000000000099d0,pam_modutil_getpwuid@@LIBPAM_MODUTIL_1.0
000000000000a188,pam_modutil_user_in_group_uid_gid@@LIBPAM_MODUTIL_1.0
00000000000039c4,pam_getenv@@LIBPAM_1.0
000000000000a1cc,pam_modutil_drop_priv@@LIBPAM_MODUTIL_1.1.3
000000000000a0b0,pam_modutil_user_in_group_nam_nam@@LIBPAM_MODUTIL_1.0
