0000000000075fa0,SSL_inject_net_dgram@@OPENSSL_3.2.0
0000000000042c20,SSL_CTX_get0_certificate@@OPENSSL_3.0.0
000000000004fdc8,SSL_set_session@@OPENSSL_3.0.0
0000000000034e70,SSL_CTX_set1_compressed_cert@@OPENSSL_3.2.0
0000000000028260,BIO_new_buffer_ssl_connect@@OPENSSL_3.0.0
000000000003d840,SSL_set_wfd@@OPENSSL_3.0.0
0000000000045e00,SSL_CTX_set0_ctlog_store@@OPENSSL_3.0.0
0000000000044da0,SSL_is_server@@OPENSSL_3.0.0
00000000000419c0,SSL_set_default_passwd_cb@@OPENSSL_3.0.0
000000000004e3b0,SSL_SESSION_get_id@@OPENSSL_3.0.0
00000000000419a4,SSL_CTX_get_default_passwd_cb_userdata@@OPENSSL_3.0.0
000000000003e68c,SSL_get_changed_async_fds@@OPENSSL_3.0.0
000000000004f580,SSL_SESSION_set1_hostname@@OPENSSL_3.0.0
0000000000044200,SSL_get_error@@OPENSSL_3.0.0
000000000004ff0c,SSL_CTX_sess_get_remove_cb@@OPENSSL_3.0.0
000000000004f6a0,SSL_SESSION_set_max_early_data@@OPENSSL_3.0.0
0000000000048364,SSL_dup@@OPENSSL_3.0.0
0000000000039ad0,SSL_CONF_cmd@@OPENSSL_3.0.0
000000000004cfa0,SSL_use_cert_and_key@@OPENSSL_3.0.0
000000000004d364,SSL_use_RSAPrivateKey_ASN1@@OPENSSL_3.0.0
0000000000046648,SSL_CTX_get_keylog_callback@@OPENSSL_3.0.0
000000000004d44c,SSL_CTX_use_RSAPrivateKey@@OPENSSL_3.0.0
000000000002ae60,TLSv1_client_method@@OPENSSL_3.0.0
0000000000045e60,SSL_CTX_set_client_hello_cb@@OPENSSL_3.0.0
000000000003dec0,SSL_set_read_ahead@@OPENSSL_3.0.0
000000000002ae00,TLSv1_1_client_method@@OPENSSL_3.0.0
0000000000044350,SSL_use_psk_identity_hint@@OPENSSL_3.0.0
0000000000047984,SSL_CTX_free@@OPENSSL_3.0.0
000000000004cb04,SSL_CTX_use_serverinfo_file@@OPENSSL_3.0.0
00000000000421f0,SSL_set_accept_state@@OPENSSL_3.0.0
0000000000050d6c,SSL_alert_desc_string_long@@OPENSSL_3.0.0
0000000000042c48,SSL_CTX_get0_privatekey@@OPENSSL_3.0.0
000000000004f3e0,SSL_SESSION_set_time_ex@@OPENSSL_3.3.0
000000000006004c,SSL_set_srp_server_param@@OPENSSL_3.0.0
000000000002aee0,DTLSv1_method@@OPENSSL_3.0.0
000000000003c668,SSL_get0_dane_tlsa@@OPENSSL_3.0.0
0000000000060be0,SSL_CTX_set_srp_verify_param_callback@@OPENSSL_3.0.0
0000000000037870,SSL_CIPHER_get_auth_nid@@OPENSSL_3.0.0
0000000000032e28,SSL_CTX_add1_to_CA_list@@OPENSSL_3.0.0
000000000002acb0,DTLS_server_method@@OPENSSL_3.0.0
0000000000045020,SSL_CTX_set_security_level@@OPENSSL_3.0.0
0000000000032ce8,SSL_get0_peer_CA_list@@OPENSSL_3.0.0
000000000004f304,SSL_SESSION_get_timeout@@OPENSSL_3.0.0
0000000000047328,SSL_set_post_handshake_auth@@OPENSSL_3.0.0
0000000000037200,SSL_CIPHER_get_bits@@OPENSSL_3.0.0
000000000004a048,SSL_get_negotiated_client_cert_type@@OPENSSL_3.2.0
000000000004e924,SSL_get1_session@@OPENSSL_3.0.0
000000000003ec40,SSL_read_ex@@OPENSSL_3.0.0
000000000004392c,SSL_CTX_load_verify_file@@OPENSSL_3.0.0
000000000004dc20,SSL_SESSION_free@@OPENSSL_3.0.0
0000000000047620,SSL_CTX_set_session_ticket_cb@@OPENSSL_3.0.0
000000000003d190,SSL_certs_clear@@OPENSSL_3.0.0
0000000000040800,SSL_get_ciphers@@OPENSSL_3.0.0
000000000003e010,SSL_pending@@OPENSSL_3.0.0
00000000000b1340,SSL_get_state@@OPENSSL_3.0.0
000000000004f528,SSL_SESSION_set_cipher@@OPENSSL_3.0.0
00000000000abe40,SSL_extension_supported@@OPENSSL_3.0.0
0000000000044e68,SSL_get_security_level@@OPENSSL_3.0.0
000000000004e980,SSL_CTX_add_session@@OPENSSL_3.0.0
000000000003eb80,SSL_read@@OPENSSL_3.0.0
000000000004c830,SSL_CTX_use_serverinfo_ex@@OPENSSL_3.0.0
00000000000502e0,SSL_state_string_long@@OPENSSL_3.0.0
0000000000046f44,SSL_CTX_set_max_early_data@@OPENSSL_3.0.0
00000000000497a0,SSL_set_blocking_mode@@OPENSSL_3.2.0
0000000000051640,SSL_SESSION_print_keylog@@OPENSSL_3.0.0
00000000000437ac,SSL_CTX_set_default_verify_file@@OPENSSL_3.0.0
0000000000032c00,SSL_CTX_set_client_CA_list@@OPENSSL_3.0.0
0000000000049dac,SSL_get_conn_close_info@@OPENSSL_3.2.0
000000000003dca0,SSL_get_verify_mode@@OPENSSL_3.0.0
000000000004b8e0,SSL_use_PrivateKey_file@@OPENSSL_3.0.0
00000000000609d0,SSL_get_srp_N@@OPENSSL_3.0.0
0000000000041940,SSL_CTX_set_default_passwd_cb@@OPENSSL_3.0.0
0000000000049bcc,SSL_get_accept_stream_queue_len@@OPENSSL_3.2.0
0000000000041aa0,SSL_get_default_passwd_cb_userdata@@OPENSSL_3.0.0
000000000007a200,OSSL_QUIC_client_method@@OPENSSL_3.2.0
000000000004c6ec,SSL_CTX_use_PrivateKey_ASN1@@OPENSSL_3.0.0
000000000003f920,SSL_renegotiate_abbreviated@@OPENSSL_3.0.0
0000000000057204,SSL_get_shared_sigalgs@@OPENSSL_3.0.0
0000000000045e44,SSL_CTX_get0_ctlog_store@@OPENSSL_3.0.0
0000000000037610,SSL_COMP_get0_name@@OPENSSL_3.0.0
000000000004a220,SSL_CTX_set1_server_cert_type@@OPENSSL_3.2.0
000000000003e700,SSL_CTX_set_async_callback@@OPENSSL_3.0.0
0000000000060b60,SSL_CTX_set_srp_password@@OPENSSL_3.0.0
000000000003d580,SSL_get_rfd@@OPENSSL_3.0.0
0000000000032d40,SSL_get_client_CA_list@@OPENSSL_3.0.0
0000000000049ae0,SSL_set_default_stream_mode@@OPENSSL_3.2.0
000000000002a2c0,SSL_get_selected_srtp_profile@@OPENSSL_3.0.0
0000000000040300,SSL_CTX_ctrl@@OPENSSL_3.0.0
000000000003f9c0,SSL_renegotiate_pending@@OPENSSL_3.0.0
0000000000041304,SSL_CTX_set_next_protos_advertised_cb@@OPENSSL_3.0.0
0000000000044b30,SSL_get_num_tickets@@OPENSSL_3.0.0
0000000000047080,SSL_CTX_get_recv_max_early_data@@OPENSSL_3.0.0
00000000000373a0,SSL_COMP_set0_compression_methods@@OPENSSL_3.0.0
000000000002a240,SSL_get_srtp_profiles@@OPENSSL_3.0.0
00000000000402c0,SSL_callback_ctrl@@OPENSSL_3.0.0
0000000000050148,SSL_CTX_set_stateless_cookie_verify_cb@@OPENSSL_3.0.0
000000000003e2a0,SSL_copy_session_id@@OPENSSL_3.0.0
00000000000436c0,SSL_get_SSL_CTX@@OPENSSL_3.0.0
000000000003c7a0,SSL_get0_dane@@OPENSSL_3.0.0
000000000004fee8,SSL_CTX_sess_set_remove_cb@@OPENSSL_3.0.0
000000000004ffa8,SSL_CTX_set_client_cert_cb@@OPENSSL_3.0.0
0000000000060960,SSL_get_srp_g@@OPENSSL_3.0.0
000000000004d160,SSL_use_RSAPrivateKey_file@@OPENSSL_3.0.0
000000000004b710,SSL_use_certificate_ASN1@@OPENSSL_3.0.0
0000000000045de0,SSL_CTX_set_ctlog_list_file@@OPENSSL_3.0.0
00000000000451c0,SSL_set_options@@OPENSSL_3.0.0
0000000000041830,SSL_CTX_up_ref@@OPENSSL_3.0.0
0000000000047360,SSL_verify_client_post_handshake@@OPENSSL_3.0.0
0000000000049a00,SSL_get_stream_type@@OPENSSL_3.2.0
0000000000040884,SSL_get_client_ciphers@@OPENSSL_3.0.0
000000000002ad88,TLSv1_2_server_method@@OPENSSL_3.0.0
0000000000044520,SSL_get_psk_identity@@OPENSSL_3.0.0
0000000000044580,SSL_set_psk_client_callback@@OPENSSL_3.0.0
0000000000037400,SSL_COMP_add_compression_method@@OPENSSL_3.0.0
000000000004474c,SSL_set_msg_callback@@OPENSSL_3.0.0
0000000000043b24,SSL_get_verify_result@@OPENSSL_3.0.0
0000000000043e20,SSL_CTX_get_cert_store@@OPENSSL_3.0.0
000000000003a1a0,SSL_CONF_CTX_set1_prefix@@OPENSSL_3.0.0
0000000000040f60,SSL_get_servername@@OPENSSL_3.0.0
000000000002e540,SSL_CTX_set_tlsext_ticket_key_evp_cb@@OPENSSL_3.0.0
00000000000450b0,SSL_CTX_set0_security_ex_data@@OPENSSL_3.0.0
000000000004f8a0,SSL_SESSION_is_resumable@@OPENSSL_3.0.0
0000000000040c8c,SSL_set_cipher_list@@OPENSSL_3.0.0
000000000004b348,SSL_use_certificate@@OPENSSL_3.0.0
000000000004f4e0,SSL_SESSION_set_protocol_version@@OPENSSL_3.0.0
000000000004f50c,SSL_SESSION_get0_cipher@@OPENSSL_3.0.0
0000000000041ec0,SSL_get_ssl_method@@OPENSSL_3.0.0
0000000000049d60,SSL_get_stream_write_error_code@@OPENSSL_3.2.0
000000000005000c,SSL_CTX_set_cookie_verify_cb@@OPENSSL_3.0.0
0000000000060ba0,SSL_CTX_set_srp_strength@@OPENSSL_3.0.0
00000000000376ac,SSL_CIPHER_find@@OPENSSL_3.0.0
0000000000032b88,SSL_get0_CA_list@@OPENSSL_3.0.0
0000000000037960,SSL_CIPHER_get_handshake_digest@@OPENSSL_3.0.0
00000000000464c0,SSL_free_buffers@@OPENSSL_3.0.0
000000000004f168,SSL_SESSION_set1_id@@OPENSSL_3.0.0
0000000000043960,SSL_CTX_load_verify_dir@@OPENSSL_3.0.0
000000000003e8e0,SSL_get_default_timeout@@OPENSSL_3.0.0
000000000003d120,SSL_CTX_get0_param@@OPENSSL_3.0.0
0000000000049a48,SSL_get_stream_id@@OPENSSL_3.2.0
000000000003c520,SSL_dane_clear_flags@@OPENSSL_3.0.0
0000000000049b2c,SSL_set_incoming_stream_policy@@OPENSSL_3.2.0
000000000004a704,SSL_CTX_config@@OPENSSL_3.0.0
000000000003a0a0,SSL_CONF_CTX_free@@OPENSSL_3.0.0
000000000004ff4c,SSL_CTX_sess_get_get_cb@@OPENSSL_3.0.0
000000000004ff28,SSL_CTX_sess_set_get_cb@@OPENSSL_3.0.0
0000000000039f68,SSL_CONF_CTX_finish@@OPENSSL_3.0.0
0000000000036ae0,SSL_CIPHER_description@@OPENSSL_3.0.0
000000000003e04c,SSL_has_pending@@OPENSSL_3.0.0
000000000003e840,SSL_get_async_status@@OPENSSL_3.0.0
000000000004c4e0,SSL_CTX_use_PrivateKey_file@@OPENSSL_3.0.0
0000000000045f00,SSL_client_hello_get0_legacy_version@@OPENSSL_3.0.0
00000000000333a0,SSL_add_dir_cert_subjects_to_stack@@OPENSSL_3.0.0
0000000000028328,BIO_ssl_copy_session_id@@OPENSSL_3.0.0
000000000003bc2c,SSL_up_ref@@OPENSSL_3.0.0
000000000005fe84,SSL_srp_server_param_with_username@@OPENSSL_3.0.0
0000000000042aac,SSL_get_handshake_rtt@@OPENSSL_3.2.0
0000000000044708,SSL_CTX_set_psk_use_session_callback@@OPENSSL_3.0.0
000000000003dd60,SSL_get_verify_callback@@OPENSSL_3.0.0
0000000000045800,SSL_set_ct_validation_callback@@OPENSSL_3.0.0
000000000002aec0,DTLSv1_2_client_method@@OPENSSL_3.0.0
0000000000047248,SSL_stateless@@OPENSSL_3.0.0
00000000000500e0,SSL_SESSION_get0_ticket_appdata@@OPENSSL_3.0.0
0000000000042640,SSL_write_early_data@@OPENSSL_3.0.0
0000000000050030,SSL_SESSION_set1_ticket_appdata@@OPENSSL_3.0.0
000000000004b4ac,SSL_use_certificate_file@@OPENSSL_3.0.0
000000000004f98c,SSL_CTX_get_timeout@@OPENSSL_3.0.0
00000000000497ec,SSL_get_blocking_mode@@OPENSSL_3.2.0
0000000000036980,SSL_CTX_set_ciphersuites@@OPENSSL_3.0.0
00000000000b13a0,SSL_in_init@@OPENSSL_3.0.0
000000000003b650,SSL_clear@@OPENSSL_3.0.0
0000000000042584,SSL_connect@@OPENSSL_3.0.0
000000000003bc04,SSL_is_quic@@OPENSSL_3.2.0
000000000003a400,ERR_load_SSL_strings@@OPENSSL_3.0.0
0000000000034c88,SSL_compress_certs@@OPENSSL_3.2.0
0000000000049b80,SSL_accept_stream@@OPENSSL_3.2.0
000000000003d480,SSL_set_bio@@OPENSSL_3.0.0
0000000000049c70,SSL_get_stream_read_state@@OPENSSL_3.2.0
00000000000460e4,SSL_client_hello_get0_compression_methods@@OPENSSL_3.0.0
0000000000050fc0,SSL_SESSION_print@@OPENSSL_3.0.0
00000000000447d0,SSL_CTX_set_record_padding_callback_arg@@OPENSSL_3.0.0
000000000004a1ec,SSL_CTX_set1_client_cert_type@@OPENSSL_3.2.0
000000000003c080,SSL_CTX_set_trust@@OPENSSL_3.0.0
000000000004462c,SSL_CTX_set_psk_server_callback@@OPENSSL_3.0.0
000000000003f080,SSL_sendfile@@OPENSSL_3.0.0
0000000000039d68,SSL_CONF_cmd_argv@@OPENSSL_3.0.0
0000000000044800,SSL_CTX_get_record_padding_callback_arg@@OPENSSL_3.0.0
000000000005708c,SSL_get_sigalgs@@OPENSSL_3.0.0
0000000000044e00,SSL_set_debug@@OPENSSL_3.0.0
00000000000439a8,SSL_CTX_load_verify_locations@@OPENSSL_3.0.0
000000000003ed90,SSL_peek_ex@@OPENSSL_3.0.0
000000000003c7f0,SSL_dane_tlsa_add@@OPENSSL_3.0.0
000000000004b830,SSL_use_PrivateKey@@OPENSSL_3.0.0
000000000002818c,BIO_new_ssl_connect@@OPENSSL_3.0.0
0000000000044d40,SSL_session_reused@@OPENSSL_3.0.0
0000000000046560,SSL_alloc_buffers@@OPENSSL_3.0.0
0000000000060c20,SSL_CTX_set_srp_cb_arg@@OPENSSL_3.0.0
00000000000493ac,SSL_CTX_set0_tmp_dh_pkey@@OPENSSL_3.0.0
0000000000043e00,SSL_CTX_get_ex_data@@OPENSSL_3.0.0
0000000000041a04,SSL_set_default_passwd_cb_userdata@@OPENSSL_3.0.0
00000000000501a8,PEM_read_SSL_SESSION@@OPENSSL_3.0.0
000000000003762c,SSL_COMP_get_id@@OPENSSL_3.0.0
000000000004f9e0,SSL_set_session_secret_cb@@OPENSSL_3.0.0
000000000003c280,SSL_set_hostflags@@OPENSSL_3.0.0
00000000000abdf0,SSL_CTX_has_client_custom_ext@@OPENSSL_3.0.0
000000000003f420,SSL_write_ex2@@OPENSSL_3.3.0
000000000004e1c4,SSL_get_session@@OPENSSL_3.0.0
000000000004a6c4,SSL_add_ssl_module@@OPENSSL_3.0.0
000000000003db60,SSL_get_finished@@OPENSSL_3.0.0
0000000000055d00,SSL_get_signature_type_nid@@OPENSSL_3.0.0
0000000000041284,SSL_get0_next_proto_negotiated@@OPENSSL_3.0.0
0000000000045fe8,SSL_client_hello_get0_session_id@@OPENSSL_3.0.0
0000000000044988,SSL_set_record_padding_callback_arg@@OPENSSL_3.0.0
0000000000040aac,SSL_get_cipher_list@@OPENSSL_3.0.0
00000000000449cc,SSL_get_record_padding_callback_arg@@OPENSSL_3.0.0
0000000000042f2c,SSL_CTX_set_quiet_shutdown@@OPENSSL_3.0.0
0000000000045dc0,SSL_CTX_set_default_ctlog_list_file@@OPENSSL_3.0.0
000000000002ac44,DTLS_method@@OPENSSL_3.0.0
0000000000045d30,SSL_enable_ct@@OPENSSL_3.0.0
0000000000041ea0,SSL_CTX_get_ssl_method@@OPENSSL_3.0.0
000000000004f6cc,SSL_SESSION_get0_alpn_selected@@OPENSSL_3.0.0
0000000000050260,PEM_write_SSL_SESSION@@OPENSSL_3.0.0
000000000003e1a0,SSL_get0_peer_certificate@@OPENSSL_3.0.0
00000000000376e0,SSL_CIPHER_get_cipher_nid@@OPENSSL_3.0.0
00000000000462e8,SSL_client_hello_get_extension_order@@OPENSSL_3.2.0
0000000000044f20,SSL_get_security_callback@@OPENSSL_3.0.0
0000000000044220,SSL_CTX_use_psk_identity_hint@@OPENSSL_3.0.0
0000000000042fa0,SSL_get_quiet_shutdown@@OPENSSL_3.0.0
00000000000436e0,SSL_CTX_set_default_verify_paths@@OPENSSL_3.0.0
000000000004f600,SSL_SESSION_has_ticket@@OPENSSL_3.0.0
000000000004f640,SSL_SESSION_get0_ticket@@OPENSSL_3.0.0
000000000003f880,SSL_renegotiate@@OPENSSL_3.0.0
000000000003e200,SSL_get1_peer_certificate@@OPENSSL_3.0.0
000000000003dfc0,SSL_get_read_ahead@@OPENSSL_3.0.0
0000000000045360,SSL_clear_options@@OPENSSL_3.0.0
000000000005fd20,SSL_CTX_SRP_CTX_init@@OPENSSL_3.0.0
0000000000095f08,SSL_rstate_string@@OPENSSL_3.0.0
0000000000050ae0,SSL_alert_type_string@@OPENSSL_3.0.0
0000000000029b4c,DTLS_get_data_mtu@@OPENSSL_3.0.0
0000000000046f8c,SSL_set_max_early_data@@OPENSSL_3.0.0
0000000000032c68,SSL_set_client_CA_list@@OPENSSL_3.0.0
0000000000057d60,SSL_SESSION_get_max_fragment_length@@OPENSSL_3.0.0
0000000000049560,SSL_get_event_timeout@@OPENSSL_3.2.0
00000000000499c0,SSL_is_connection@@OPENSSL_3.2.0
000000000003ecd0,SSL_peek@@OPENSSL_3.0.0
000000000003a300,SSL_CONF_CTX_set_ssl_ctx@@OPENSSL_3.0.0
0000000000049d08,SSL_get_stream_read_error_code@@OPENSSL_3.2.0
0000000000034d88,SSL_get1_compressed_cert@@OPENSSL_3.2.0
000000000003c590,SSL_get0_dane_authority@@OPENSSL_3.0.0
0000000000043d40,SSL_SESSION_set1_master_key@@OPENSSL_3.0.0
0000000000042bc0,SSL_get_privatekey@@OPENSSL_3.0.0
0000000000042500,SSL_set_connect_state@@OPENSSL_3.0.0
000000000004e8e4,SSL_SESSION_up_ref@@OPENSSL_3.0.0
000000000004366c,SSL_client_version@@OPENSSL_3.0.0
0000000000046624,SSL_CTX_set_keylog_callback@@OPENSSL_3.0.0
000000000003c4b0,SSL_dane_set_flags@@OPENSSL_3.0.0
00000000000459e0,SSL_ct_is_enabled@@OPENSSL_3.0.0
0000000000049a90,SSL_is_stream_local@@OPENSSL_3.2.0
000000000004768c,SSL_set_allow_early_data_cb@@OPENSSL_3.0.0
00000000000b1400,SSL_is_init_finished@@OPENSSL_3.0.0
0000000000049610,SSL_get_rpoll_descriptor@@OPENSSL_3.2.0
000000000004f704,SSL_SESSION_set1_alpn_selected@@OPENSSL_3.0.0
0000000000041964,SSL_CTX_set_default_passwd_cb_userdata@@OPENSSL_3.0.0
000000000003c020,SSL_set_purpose@@OPENSSL_3.0.0
0000000000034cf0,SSL_CTX_compress_certs@@OPENSSL_3.2.0
00000000000447ac,SSL_CTX_set_record_padding_callback@@OPENSSL_3.0.0
0000000000060ab0,SSL_get_srp_userinfo@@OPENSSL_3.0.0
0000000000041b4c,SSL_CTX_set_verify_depth@@OPENSSL_3.0.0
000000000005f748,SSL_set_tmp_dh_callback@@OPENSSL_3.0.0
0000000000037ba0,OSSL_default_cipher_list@@OPENSSL_3.0.0
0000000000043ec0,SSL_want@@OPENSSL_3.0.0
00000000000b1480,SSL_in_before@@OPENSSL_3.0.0
000000000002ad70,TLSv1_2_method@@OPENSSL_3.0.0
0000000000032ec0,SSL_load_client_CA_file_ex@@OPENSSL_3.0.0
000000000004c460,SSL_CTX_use_PrivateKey@@OPENSSL_3.0.0
000000000003c0a0,SSL_set_trust@@OPENSSL_3.0.0
00000000000375e0,SSL_COMP_get_name@@OPENSSL_3.0.0
0000000000042280,SSL_accept@@OPENSSL_3.0.0
00000000000444c0,SSL_get_psk_identity_hint@@OPENSSL_3.0.0
000000000003e4a0,SSL_check_private_key@@OPENSSL_3.0.0
0000000000045090,SSL_CTX_get_security_callback@@OPENSSL_3.0.0
0000000000030f80,d2i_SSL_SESSION_ex@@OPENSSL_3.2.0
000000000003e7cc,SSL_set_async_callback_arg@@OPENSSL_3.0.0
000000000003e72c,SSL_CTX_set_async_callback_arg@@OPENSSL_3.0.0
000000000003f480,SSL_shutdown@@OPENSSL_3.0.0
0000000000032984,SSL_dup_CA_list@@OPENSSL_3.0.0
0000000000040b44,SSL_CTX_get_ciphers@@OPENSSL_3.0.0
000000000004c340,SSL_CTX_use_certificate_ASN1@@OPENSSL_3.0.0
000000000004f220,SSL_SESSION_set_timeout@@OPENSSL_3.0.0
0000000000060910,SRP_Calc_A_param@@OPENSSL_3.0.0
00000000000470a0,SSL_set_recv_max_early_data@@OPENSSL_3.0.0
00000000000280c8,BIO_new_ssl@@OPENSSL_3.0.0
0000000000042c70,SSL_get_current_cipher@@OPENSSL_3.0.0
0000000000047100,SSL_get_recv_max_early_data@@OPENSSL_3.0.0
000000000003f350,SSL_write@@OPENSSL_3.0.0
000000000002af00,DTLSv1_server_method@@OPENSSL_3.0.0
000000000002ad4c,DTLS_client_method@@OPENSSL_3.0.0
00000000000448d0,SSL_set_record_padding_callback@@OPENSSL_3.0.0
000000000003724c,SSL_CIPHER_get_id@@OPENSSL_3.0.0
00000000000496e8,SSL_net_read_desired@@OPENSSL_3.2.0
000000000003d0a4,SSL_CTX_set1_param@@OPENSSL_3.0.0
0000000000045120,SSL_get_options@@OPENSSL_3.0.0
0000000000055c80,SSL_get_peer_signature_type_nid@@OPENSSL_3.0.0
0000000000032dd0,SSL_add1_to_CA_list@@OPENSSL_3.0.0
0000000000040700,SSL_CTX_callback_ctrl@@OPENSSL_3.0.0
000000000004a2c0,SSL_get0_server_cert_type@@OPENSSL_3.2.0
0000000000046064,SSL_client_hello_get0_ciphers@@OPENSSL_3.0.0
0000000000043c2c,SSL_get_server_random@@OPENSSL_3.0.0
0000000000031550,d2i_SSL_SESSION@@OPENSSL_3.0.0
000000000004f680,SSL_SESSION_get_max_early_data@@OPENSSL_3.0.0
000000000002aa70,TLS_server_method@@OPENSSL_3.0.0
0000000000039ec0,SSL_CONF_cmd_value_type@@OPENSSL_3.0.0
000000000005016c,PEM_read_bio_SSL_SESSION@@OPENSSL_3.0.0
0000000000041b84,SSL_set_cert_cb@@OPENSSL_3.0.0
000000000003c1a8,SSL_add1_host@@OPENSSL_3.0.0
000000000003bd00,SSL_set_session_id_context@@OPENSSL_3.0.0
000000000003bc6c,SSL_CTX_set_session_id_context@@OPENSSL_3.0.0
0000000000050124,SSL_CTX_set_stateless_cookie_generate_cb@@OPENSSL_3.0.0
0000000000045f68,SSL_client_hello_get0_random@@OPENSSL_3.0.0
0000000000031a00,SSL_get_ex_data_X509_STORE_CTX_idx@@OPENSSL_3.0.0
000000000002a1e4,SSL_set_tlsext_use_srtp@@OPENSSL_3.0.0
00000000000377ec,SSL_CIPHER_get_kx_nid@@OPENSSL_3.0.0
0000000000045544,SSL_get0_peer_scts@@OPENSSL_3.0.0
0000000000044820,SSL_CTX_set_block_padding@@OPENSSL_3.0.0
000000000004476c,SSL_CTX_set_not_resumable_session_callback@@OPENSSL_3.0.0
000000000004e220,SSL_SESSION_set_ex_data@@OPENSSL_3.0.0
000000000005f864,SSL_CTX_SRP_CTX_free@@OPENSSL_3.0.0
00000000000402e4,SSL_CTX_sessions@@OPENSSL_3.0.0
000000000004f7c8,SSL_SESSION_get0_peer_rpk@@OPENSSL_3.2.0
000000000003d9e0,SSL_set_rfd@@OPENSSL_3.0.0
0000000000039f40,SSL_CONF_CTX_new@@OPENSSL_3.0.0
0000000000034c0c,SSL_CTX_set1_cert_comp_preference@@OPENSSL_3.2.0
000000000004e410,SSL_SESSION_get_compress_id@@OPENSSL_3.0.0
000000000004a6e0,SSL_config@@OPENSSL_3.0.0
0000000000049680,SSL_get_wpoll_descriptor@@OPENSSL_3.2.0
000000000003e3c0,SSL_CTX_check_private_key@@OPENSSL_3.0.0
0000000000046e6c,SSL_bytes_to_cipher_list@@OPENSSL_3.0.0
000000000005a1e0,SSL_check_chain@@OPENSSL_3.0.0
000000000003be30,SSL_set_generate_session_id@@OPENSSL_3.0.0
0000000000043ce0,SSL_SESSION_get_master_key@@OPENSSL_3.0.0
00000000000370e0,SSL_CIPHER_get_version@@OPENSSL_3.0.0
0000000000045048,SSL_CTX_get_security_level@@OPENSSL_3.0.0
000000000004996c,SSL_get0_connection@@OPENSSL_3.2.0
00000000000400c0,SSL_dane_enable@@OPENSSL_3.0.0
000000000004478c,SSL_set_not_resumable_session_callback@@OPENSSL_3.0.0
0000000000043dac,SSL_set_ex_data@@OPENSSL_3.0.0
0000000000045190,SSL_CTX_set_options@@OPENSSL_3.0.0
000000000003d640,SSL_get_wfd@@OPENSSL_3.0.0
0000000000041380,SSL_CTX_set_next_proto_select_cb@@OPENSSL_3.0.0
000000000003f808,SSL_get_key_update_type@@OPENSSL_3.0.0
0000000000049140,SSL_set_SSL_CTX@@OPENSSL_3.0.0
0000000000032b20,SSL_CTX_set0_CA_list@@OPENSSL_3.0.0
000000000003ddcc,SSL_CTX_get_verify_depth@@OPENSSL_3.0.0
0000000000028f80,DTLSv1_listen@@OPENSSL_3.0.0
000000000003ce84,SSL_CTX_dane_mtype_set@@OPENSSL_3.0.0
00000000000445c4,SSL_CTX_set_psk_client_callback@@OPENSSL_3.0.0
000000000002ae40,TLSv1_server_method@@OPENSSL_3.0.0
0000000000044e20,SSL_set_security_level@@OPENSSL_3.0.0
0000000000060a40,SSL_get_srp_username@@OPENSSL_3.0.0
000000000002ade0,TLSv1_1_server_method@@OPENSSL_3.0.0
000000000004fecc,SSL_CTX_sess_get_new_cb@@OPENSSL_3.0.0
000000000004fea8,SSL_CTX_sess_set_new_cb@@OPENSSL_3.0.0
000000000002adc0,TLSv1_1_method@@OPENSSL_3.0.0
0000000000046f70,SSL_CTX_get_max_early_data@@OPENSSL_3.0.0
0000000000032c4c,SSL_CTX_get_client_CA_list@@OPENSSL_3.0.0
0000000000037140,SSL_CIPHER_get_name@@OPENSSL_3.0.0
0000000000042ff0,SSL_set_shutdown@@OPENSSL_3.0.0
0000000000032e44,SSL_add_client_CA@@OPENSSL_3.0.0
000000000003ec80,SSL_get_early_data_status@@OPENSSL_3.0.0
0000000000044fc8,SSL_get0_security_ex_data@@OPENSSL_3.0.0
00000000000ac284,SSL_CTX_add_client_custom_ext@@OPENSSL_3.0.0
000000000002ada0,TLSv1_2_client_method@@OPENSSL_3.0.0
000000000004c7ec,SSL_CTX_use_certificate_chain_file@@OPENSSL_3.0.0
000000000004fc10,SSL_CTX_flush_sessions@@OPENSSL_3.0.0
000000000004f360,SSL_SESSION_get_time_ex@@OPENSSL_3.3.0
0000000000044ecc,SSL_set_security_callback@@OPENSSL_3.0.0
000000000004a390,SSL_CTX_get0_server_cert_type@@OPENSSL_3.2.0
0000000000049e80,SSL_set_value_uint@@OPENSSL_3.3.0
00000000000498cc,SSL_stream_conclude@@OPENSSL_3.2.0
000000000004e260,SSL_SESSION_new@@OPENSSL_3.0.0
000000000004f4a0,SSL_SESSION_set_time@@OPENSSL_3.0.0
000000000004c0e0,SSL_CTX_use_certificate_file@@OPENSSL_3.0.0
0000000000049cc0,SSL_get_stream_write_state@@OPENSSL_3.2.0
0000000000095dc8,SSL_CTX_set_default_read_buffer_len@@OPENSSL_3.0.0
0000000000043708,SSL_CTX_set_default_verify_dir@@OPENSSL_3.0.0
000000000003dde8,SSL_CTX_get_verify_callback@@OPENSSL_3.0.0
000000000004988c,SSL_shutdown_ex@@OPENSSL_3.2.0
000000000003c2e0,SSL_get0_peername@@OPENSSL_3.0.0
00000000000413f0,SSL_CTX_set_alpn_protos@@OPENSSL_3.0.0
000000000003e760,SSL_set_async_callback@@OPENSSL_3.0.0
000000000003e5c4,SSL_waiting_for_async@@OPENSSL_3.0.0
00000000000369ec,SSL_set_ciphersuites@@OPENSSL_3.0.0
000000000003d6e0,SSL_set_fd@@OPENSSL_3.0.0
0000000000034f50,SSL_set1_compressed_cert@@OPENSSL_3.2.0
000000000002a9c0,TLS_method@@OPENSSL_3.0.0
000000000004ffcc,SSL_CTX_get_client_cert_cb@@OPENSSL_3.0.0
0000000000040dc0,SSL_get_shared_ciphers@@OPENSSL_3.0.0
000000000003ddb0,SSL_CTX_get_verify_mode@@OPENSSL_3.0.0
00000000000446a0,SSL_CTX_set_psk_find_session_callback@@OPENSSL_3.0.0
00000000000385c0,OSSL_default_ciphersuites@@OPENSSL_3.0.0
0000000000037350,SSL_COMP_get_compression_methods@@OPENSSL_3.0.0
0000000000095e40,SSL_rstate_string_long@@OPENSSL_3.0.0
00000000000494a0,SSL_handle_events@@OPENSSL_3.2.0
00000000000331d0,SSL_load_client_CA_file@@OPENSSL_3.0.0
000000000003e62c,SSL_get_all_async_fds@@OPENSSL_3.0.0
0000000000044a20,SSL_set_block_padding@@OPENSSL_3.0.0
000000000004cfe0,SSL_CTX_use_cert_and_key@@OPENSSL_3.0.0
000000000004ffe8,SSL_CTX_set_cookie_generate_cb@@OPENSSL_3.0.0
0000000000041b20,SSL_CTX_set_verify@@OPENSSL_3.0.0
00000000000506c0,SSL_state_string@@OPENSSL_3.0.0
0000000000049290,SSL_set0_tmp_dh_pkey@@OPENSSL_3.0.0
0000000000044bc0,SSL_CTX_get_num_tickets@@OPENSSL_3.0.0
0000000000049920,SSL_new_stream@@OPENSSL_3.2.0
000000000003f660,SSL_key_update@@OPENSSL_3.0.0
00000000000371c0,OPENSSL_cipher_name@@OPENSSL_3.0.0
0000000000095dec,SSL_set_default_read_buffer_len@@OPENSSL_3.0.0
000000000005fee0,SSL_set_srp_server_param_pw@@OPENSSL_3.0.0
0000000000043980,SSL_CTX_load_verify_store@@OPENSSL_3.0.0
000000000003d140,SSL_get0_param@@OPENSSL_3.0.0
000000000004e3e0,SSL_SESSION_get0_id_context@@OPENSSL_3.0.0
0000000000043e84,SSL_CTX_set1_cert_store@@OPENSSL_3.0.0
000000000003d3f0,SSL_get_wbio@@OPENSSL_3.0.0
0000000000047304,SSL_CTX_set_post_handshake_auth@@OPENSSL_3.0.0
000000000003f460,SSL_write_ex@@OPENSSL_3.0.0
0000000000042a50,SSL_get_version@@OPENSSL_3.0.0
000000000004a248,SSL_get0_client_cert_type@@OPENSSL_3.2.0
000000000003a52c,OPENSSL_init_ssl@@OPENSSL_3.0.0
0000000000049fec,SSL_get0_peer_rpk@@OPENSSL_3.2.0
00000000000417a8,SSL_export_keying_material_early@@OPENSSL_3.0.0
0000000000044650,SSL_set_psk_find_session_callback@@OPENSSL_3.0.0
000000000004f7ac,SSL_SESSION_get0_peer@@OPENSSL_3.0.0
0000000000041660,SSL_CTX_set_alpn_select_cb@@OPENSSL_3.0.0
000000000004e360,SSL_SESSION_dup@@OPENSSL_3.0.0
0000000000049740,SSL_net_write_desired@@OPENSSL_3.2.0
000000000004f7e4,SSL_SESSION_set1_id_context@@OPENSSL_3.0.0
000000000002ae20,TLSv1_method@@OPENSSL_3.0.0
0000000000046400,SSL_client_hello_get0_ext@@OPENSSL_3.0.0
000000000003bb20,SSL_is_dtls@@OPENSSL_3.0.0
0000000000042d70,SSL_get_current_expansion@@OPENSSL_3.0.0
000000000004168c,SSL_get0_alpn_selected@@OPENSSL_3.0.0
000000000003d0c0,SSL_set1_param@@OPENSSL_3.0.0
0000000000043a40,SSL_set_info_callback@@OPENSSL_3.0.0
0000000000034df0,SSL_CTX_get1_compressed_cert@@OPENSSL_3.2.0
0000000000041a48,SSL_get_default_passwd_cb@@OPENSSL_3.0.0
0000000000041120,SSL_select_next_proto@@OPENSSL_3.0.0
00000000000a3140,SSL_poll@@OPENSSL_3.3.0
0000000000049e00,SSL_get_value_uint@@OPENSSL_3.3.0
0000000000042340,SSL_read_early_data@@OPENSSL_3.0.0
0000000000042b60,SSL_get_certificate@@OPENSSL_3.0.0
000000000004cae0,SSL_CTX_use_serverinfo@@OPENSSL_3.0.0
0000000000044b90,SSL_CTX_set_num_tickets@@OPENSSL_3.0.0
000000000004532c,SSL_CTX_clear_options@@OPENSSL_3.0.0
000000000007a220,OSSL_QUIC_client_thread_method@@OPENSSL_3.2.0
000000000005fc64,SSL_SRP_CTX_init@@OPENSSL_3.0.0
00000000000ac060,SSL_CTX_add_custom_ext@@OPENSSL_3.0.0
0000000000060c60,SSL_CTX_set_srp_username_callback@@OPENSSL_3.0.0
00000000000305e0,SSL_get0_group_name@@OPENSSL_3.2.0
0000000000037180,SSL_CIPHER_standard_name@@OPENSSL_3.0.0
0000000000034c28,SSL_set1_cert_comp_preference@@OPENSSL_3.2.0
000000000004a180,SSL_set1_server_cert_type@@OPENSSL_3.2.0
000000000002ae80,DTLSv1_2_method@@OPENSSL_3.0.0
0000000000045e8c,SSL_client_hello_isv2@@OPENSSL_3.0.0
00000000000335ac,SSL_add_store_cert_subjects_to_stack@@OPENSSL_3.0.0
0000000000042040,SSL_do_handshake@@OPENSSL_3.0.0
000000000003a170,SSL_CONF_CTX_clear_flags@@OPENSSL_3.0.0
000000000004ff8c,SSL_CTX_get_info_callback@@OPENSSL_3.0.0
0000000000042d20,SSL_get_current_compression@@OPENSSL_3.0.0
0000000000047dc0,SSL_free@@OPENSSL_3.0.0
000000000003a140,SSL_CONF_CTX_set_flags@@OPENSSL_3.0.0
00000000000517c0,SSL_test_functions@@OPENSSL_3.0.0
000000000003a24c,SSL_CONF_CTX_set_ssl@@OPENSSL_3.0.0
000000000004d7a0,SSL_CTX_use_RSAPrivateKey_ASN1@@OPENSSL_3.0.0
000000000004e8c8,SSL_CTX_remove_session@@OPENSSL_3.0.0
000000000003c450,SSL_CTX_dane_set_flags@@OPENSSL_3.0.0
0000000000045a48,SSL_CTX_ct_is_enabled@@OPENSSL_3.0.0
000000000003de60,SSL_set_verify_depth@@OPENSSL_3.0.0
000000000004386c,SSL_CTX_set_default_verify_store@@OPENSSL_3.0.0
000000000004a330,SSL_CTX_get0_client_cert_type@@OPENSSL_3.2.0
000000000003d380,SSL_get_rbio@@OPENSSL_3.0.0
000000000004ff68,SSL_CTX_set_info_callback@@OPENSSL_3.0.0
000000000005f728,SSL_CTX_set_tmp_dh_callback@@OPENSSL_3.0.0
000000000003fa20,SSL_new_session_ticket@@OPENSSL_3.0.0
0000000000043e40,SSL_CTX_set_cert_store@@OPENSSL_3.0.0
000000000004472c,SSL_CTX_set_msg_callback@@OPENSSL_3.0.0
0000000000040900,SSL_get1_supported_ciphers@@OPENSSL_3.0.0
000000000002aea0,DTLSv1_2_server_method@@OPENSSL_3.0.0
0000000000032b6c,SSL_CTX_get0_CA_list@@OPENSSL_3.0.0
0000000000060ca0,SSL_CTX_set_srp_client_pwd_callback@@OPENSSL_3.0.0
000000000003d2a0,SSL_set0_wbio@@OPENSSL_3.0.0
000000000003dc00,SSL_get_peer_finished@@OPENSSL_3.0.0
000000000003bb90,SSL_is_tls@@OPENSSL_3.2.0
0000000000047660,SSL_CTX_set_allow_early_data_cb@@OPENSSL_3.0.0
00000000000331f0,SSL_add_file_cert_subjects_to_stack@@OPENSSL_3.0.0
0000000000029c60,DTLS_set_timer_cb@@OPENSSL_3.0.0
00000000000501e4,PEM_write_bio_SSL_SESSION@@OPENSSL_3.0.0
0000000000042f50,SSL_CTX_get_quiet_shutdown@@OPENSSL_3.0.0
00000000000379c0,SSL_CIPHER_is_aead@@OPENSSL_3.0.0
0000000000041af0,SSL_CTX_set_cert_verify_callback@@OPENSSL_3.0.0
0000000000041988,SSL_CTX_get_default_passwd_cb@@OPENSSL_3.0.0
0000000000041ee0,SSL_set_ssl_method@@OPENSSL_3.0.0
000000000003d620,SSL_get_fd@@OPENSSL_3.0.0
0000000000044f80,SSL_set0_security_ex_data@@OPENSSL_3.0.0
000000000003c000,SSL_CTX_set_purpose@@OPENSSL_3.0.0
000000000003b8f0,SSL_CTX_set_ssl_version@@OPENSSL_3.0.0
0000000000041504,SSL_set_alpn_protos@@OPENSSL_3.0.0
0000000000048a10,SSL_CTX_new_ex@@OPENSSL_3.0.0
000000000004fae0,SSL_set_session_ticket_ext@@OPENSSL_3.0.0
0000000000043024,SSL_get_shutdown@@OPENSSL_3.0.0
000000000004f560,SSL_SESSION_get0_hostname@@OPENSSL_3.0.0
0000000000042ccc,SSL_get_pending_cipher@@OPENSSL_3.0.0
000000000005f340,SSL_CTX_set_client_cert_engine@@OPENSSL_3.0.0
0000000000042f6c,SSL_set_quiet_shutdown@@OPENSSL_3.0.0
000000000004a0a8,SSL_get_negotiated_server_cert_type@@OPENSSL_3.2.0
000000000003c480,SSL_CTX_dane_clear_flags@@OPENSSL_3.0.0
0000000000051560,SSL_SESSION_print_fp@@OPENSSL_3.0.0
00000000000400a4,SSL_ctrl@@OPENSSL_3.0.0
000000000004f624,SSL_SESSION_get_ticket_lifetime_hint@@OPENSSL_3.0.0
0000000000057c00,SSL_CTX_set_tlsext_max_fragment_length@@OPENSSL_3.0.0
000000000004e240,SSL_SESSION_get_ex_data@@OPENSSL_3.0.0
0000000000050b40,SSL_alert_desc_string@@OPENSSL_3.0.0
00000000000ac240,SSL_CTX_add_server_custom_ext@@OPENSSL_3.0.0
000000000002a168,SSL_CTX_set_tlsext_use_srtp@@OPENSSL_3.0.0
0000000000046fe8,SSL_get_max_early_data@@OPENSSL_3.0.0
0000000000049f00,SSL_add_expected_rpk@@OPENSSL_3.2.0
0000000000060b20,SSL_CTX_set_srp_username@@OPENSSL_3.0.0
00000000000280a8,BIO_f_ssl@@OPENSSL_3.0.0
0000000000046160,SSL_client_hello_get1_extensions_present@@OPENSSL_3.0.0
000000000004f3c0,SSL_SESSION_get_time@@OPENSSL_3.0.0
0000000000047048,SSL_CTX_set_recv_max_early_data@@OPENSSL_3.0.0
00000000000445e8,SSL_set_psk_server_callback@@OPENSSL_3.0.0
000000000003de04,SSL_set_verify@@OPENSSL_3.0.0
00000000000446c4,SSL_set_psk_use_session_callback@@OPENSSL_3.0.0
0000000000049840,SSL_set1_initial_peer_addr@@OPENSSL_3.2.0
0000000000043dc8,SSL_get_ex_data@@OPENSSL_3.0.0
000000000003c100,SSL_set1_host@@OPENSSL_3.0.0
0000000000050a84,SSL_alert_type_string_long@@OPENSSL_3.0.0
0000000000045100,SSL_CTX_get_options@@OPENSSL_3.0.0
00000000000410e8,SSL_get_servername_type@@OPENSSL_3.0.0
00000000000283e0,BIO_ssl_shutdown@@OPENSSL_3.0.0
000000000005f964,SSL_SRP_CTX_free@@OPENSSL_3.0.0
000000000003ba64,SSL_new@@OPENSSL_3.0.0
000000000003dd00,SSL_get_verify_depth@@OPENSSL_3.0.0
000000000004d590,SSL_CTX_use_RSAPrivateKey_file@@OPENSSL_3.0.0
0000000000041b68,SSL_CTX_set_cert_cb@@OPENSSL_3.0.0
000000000004170c,SSL_export_keying_material@@OPENSSL_3.0.0
000000000003e240,SSL_get_peer_cert_chain@@OPENSSL_3.0.0
0000000000045920,SSL_CTX_set_ct_validation_callback@@OPENSSL_3.0.0
0000000000043a84,SSL_get_info_callback@@OPENSSL_3.0.0
000000000004f910,SSL_CTX_set_timeout@@OPENSSL_3.0.0
0000000000049110,SSL_CTX_new@@OPENSSL_3.0.0
000000000002af20,DTLSv1_client_method@@OPENSSL_3.0.0
00000000000450e0,SSL_CTX_get0_security_ex_data@@OPENSSL_3.0.0
000000000004fa60,SSL_set_session_ticket_ext_cb@@OPENSSL_3.0.0
000000000004d020,SSL_use_RSAPrivateKey@@OPENSSL_3.0.0
00000000000454cc,SSL_get0_verified_chain@@OPENSSL_3.0.0
000000000003bee8,SSL_has_matching_session_id@@OPENSSL_3.0.0
0000000000045068,SSL_CTX_set_security_callback@@OPENSSL_3.0.0
000000000003d1e4,SSL_set0_rbio@@OPENSSL_3.0.0
0000000000043b84,SSL_get_client_random@@OPENSSL_3.0.0
000000000002ab30,TLS_client_method@@OPENSSL_3.0.0
000000000004c80c,SSL_use_certificate_chain_file@@OPENSSL_3.0.0
0000000000032aa0,SSL_set0_CA_list@@OPENSSL_3.0.0
0000000000037268,SSL_CIPHER_get_protocol_id@@OPENSSL_3.0.0
0000000000030c00,i2d_SSL_SESSION@@OPENSSL_3.0.0
000000000004f4c0,SSL_SESSION_get_protocol_version@@OPENSSL_3.0.0
000000000003bde0,SSL_CTX_set_generate_session_id@@OPENSSL_3.0.0
0000000000049c20,SSL_stream_reset@@OPENSSL_3.2.0
000000000004bb28,SSL_use_PrivateKey_ASN1@@OPENSSL_3.0.0
0000000000045ca4,SSL_CTX_enable_ct@@OPENSSL_3.0.0
000000000004a108,SSL_set1_client_cert_type@@OPENSSL_3.2.0
0000000000040b80,SSL_CTX_set_cipher_list@@OPENSSL_3.0.0
0000000000037768,SSL_CIPHER_get_digest_nid@@OPENSSL_3.0.0
0000000000043de4,SSL_CTX_set_ex_data@@OPENSSL_3.0.0
000000000005ba24,SSL_trace@@OPENSSL_3.0.0
0000000000032ea0,SSL_CTX_add_client_CA@@OPENSSL_3.0.0
000000000003c340,SSL_CTX_dane_enable@@OPENSSL_3.0.0
0000000000044ac4,SSL_set_num_tickets@@OPENSSL_3.0.0
00000000000430a0,SSL_version@@OPENSSL_3.0.0
000000000004bc2c,SSL_CTX_use_certificate@@OPENSSL_3.0.0
0000000000030680,SSL_group_to_name@@OPENSSL_3.0.0
0000000000043ae0,SSL_set_verify_result@@OPENSSL_3.0.0
0000000000057c8c,SSL_set_tlsext_max_fragment_length@@OPENSSL_3.0.0
