0000000000017440,getpidprevcon_raw@@LIBSELINUX_3.5
000000000000a880,context_str@@LIBSELINUX_1.0
000000000000cba0,selabel_hash_all_partial_matches@@LIBSELINUX_1.0
0000000000013b00,lsetfilecon_raw@@LIBSELINUX_1.0
000000000000cc80,selabel_close@@LIBSELINUX_1.0
000000000001f910,security_av_perm_to_string@@LIBSELINUX_1.0
000000000001974c,selinux_init_load_policy@@LIBSELINUX_1.0
000000000000cc20,selabel_digest@@LIBSELINUX_1.0
000000000000ac60,security_compute_av_flags_raw@@LIBSELINUX_1.0
000000000001f624,mode_to_security_class@@LIBSELINUX_1.0
0000000000017350,getkeycreatecon_raw@@LIBSELINUX_1.0
000000000000eba0,selabel_lookup_best_match@@LIBSELINUX_1.0
000000000000b520,fgetfilecon_raw@@LIBSELINUX_1.0
0000000000016280,matchpathcon_checkmatches@@LIBSELINUX_1.0
000000000000a3ac,security_compute_user_raw@@LIBSELINUX_1.0
0000000000017a48,selinux_default_type_path@@LIBSELINUX_1.0
0000000000019100,getcon@@LIBSELINUX_1.0
000000000001ea28,selinux_trans_to_raw_context@@LIBSELINUX_1.0
00000000000164a4,selinux_mkload_policy@@LIBSELINUX_1.0
0000000000013a80,selinux_reset_config@@LIBSELINUX_1.0
000000000000de00,get_ordered_context_list@@LIBSELINUX_1.0
000000000001fec0,security_validatetrans@@LIBSELINUX_1.0
000000000001afc0,selinux_check_securetty_context@@LIBSELINUX_1.0
0000000000008030,avc_av_stats@@LIBSELINUX_1.0
00000000000173a0,setkeycreatecon_raw@@LIBSELINUX_1.0
000000000000cfc0,avc_context_to_sid@@LIBSELINUX_1.0
000000000000b800,get_default_type@@LIBSELINUX_1.0
000000000001fcec,security_validatetrans_raw@@LIBSELINUX_1.0
000000000000c930,selabel_open@@LIBSELINUX_1.0
000000000000eea4,avc_audit@@LIBSELINUX_1.0
0000000000018600,selinux_file_context_local_path@@LIBSELINUX_1.0
0000000000018450,selinux_colors_path@@LIBSELINUX_1.0
00000000000095a0,security_canonicalize_context_raw@@LIBSELINUX_1.0
0000000000017cc0,selinux_default_context_path@@LIBSELINUX_1.0
00000000000097a0,is_selinux_enabled@@LIBSELINUX_1.0
000000000000c380,getfilecon_raw@@LIBSELINUX_1.0
00000000000160a0,matchpathcon_fini@@LIBSELINUX_1.0
00000000000171f0,setexeccon_raw@@LIBSELINUX_1.0
0000000000007e6c,avc_sid_stats@@LIBSELINUX_1.0
0000000000013cb0,set_matchpathcon_printf@@LIBSELINUX_1.0
0000000000018c00,selinux_restorecon_set_exclude_list@@LIBSELINUX_1.0
000000000000bc00,security_getenforce@@LIBSELINUX_1.0
0000000000018570,selinux_file_context_homedir_path@@LIBSELINUX_1.0
000000000000c7c8,is_context_customizable@@LIBSELINUX_1.0
000000000000e584,get_ordered_context_list_with_level@@LIBSELINUX_1.0
000000000000aa6c,context_role_get@@LIBSELINUX_1.0
00000000000180f0,selinux_contexts_path@@LIBSELINUX_1.0
000000000000aa8c,context_type_set@@LIBSELINUX_1.0
00000000000182a0,selinux_users_path@@LIBSELINUX_1.0
0000000000007e24,sidput@@LIBSELINUX_1.0
0000000000018e40,selinux_restorecon_get_skipped_errors@@LIBSELINUX_3.4
0000000000008840,avc_netlink_release_fd@@LIBSELINUX_1.0
00000000000086f0,avc_netlink_close@@LIBSELINUX_1.0
000000000000b9d0,security_get_initial_context_raw@@LIBSELINUX_1.0
000000000000ec0c,selabel_lookup_best_match_raw@@LIBSELINUX_1.0
000000000000aa2c,context_user_get@@LIBSELINUX_1.0
0000000000012aa0,selinux_media_context_path@@LIBSELINUX_1.0
0000000000018f20,matchmediacon@@LIBSELINUX_1.0
000000000001cea0,selinux_restorecon@@LIBSELINUX_1.0
000000000000c4e4,getpeercon_raw@@LIBSELINUX_1.0
000000000002126c,selinux_status_policyload@@LIBSELINUX_1.0
00000000000101a0,checkPasswdAccess@@LIBSELINUX_1.0
000000000000ab28,security_deny_unknown@@LIBSELINUX_1.0
000000000000d16c,security_compute_av_flags@@LIBSELINUX_1.0
000000000001f4e0,selinux_flush_class_cache@@LIBSELINUX_1.0
0000000000017ca0,selinux_path@@LIBSELINUX_1.0
000000000001a528,matchpathcon_init@@LIBSELINUX_1.0
000000000001b1b0,manual_user_enter_context@@LIBSELINUX_1.0
000000000001e8ec,security_setenforce@@LIBSELINUX_1.0
0000000000018330,selinux_usersconf_path@@LIBSELINUX_1.0
000000000000cb60,selabel_get_digests_all_partial_matches@@LIBSELINUX_1.0
000000000000ec80,avc_destroy@@LIBSELINUX_1.0
00000000000211b0,selinux_status_getenforce@@LIBSELINUX_1.0
000000000000cb24,selabel_partial_match@@LIBSELINUX_1.0
0000000000018840,selinux_openrc_contexts_path@@LIBSELINUX_1.0
000000000000e7a4,security_get_initial_context@@LIBSELINUX_1.0
000000000000b3e8,is_selinux_mls_enabled@@LIBSELINUX_1.0
0000000000017230,getfscreatecon_raw@@LIBSELINUX_1.0
000000000001a9a0,selinux_lsetfilecon_default@@LIBSELINUX_1.0
000000000000b264,security_compute_av_raw@@LIBSELINUX_1.0
000000000000a100,security_compute_relabel_raw@@LIBSELINUX_1.0
000000000001f860,security_class_to_string@@LIBSELINUX_1.0
000000000000b2e0,security_disable@@LIBSELINUX_1.0
000000000000d240,security_compute_av@@LIBSELINUX_1.0
000000000000b660,fsetfilecon_raw@@LIBSELINUX_1.0
000000000000e6e0,get_default_context_with_level@@LIBSELINUX_1.0
00000000000090e0,security_set_boolean@@LIBSELINUX_1.0
000000000000e844,getfilecon@@LIBSELINUX_1.0
000000000001fa60,security_av_string@@LIBSELINUX_1.0
0000000000017ae0,selinux_policy_root@@LIBSELINUX_1.0
0000000000022100,getseuser@@LIBSELINUX_1.0
0000000000009440,security_load_booleans@@LIBSELINUX_1.0
0000000000007ccc,avc_context_to_sid_raw@@LIBSELINUX_1.0
0000000000021040,selinux_status_updated@@LIBSELINUX_1.0
00000000000136c4,selinux_x_context_path@@LIBSELINUX_1.0
000000000000eacc,selabel_lookup_raw@@LIBSELINUX_1.0
0000000000017fc4,selinux_homedir_context_path@@LIBSELINUX_1.0
0000000000012a10,selinux_file_context_subs_dist_path@@LIBSELINUX_1.0
00000000000097e0,security_check_context_raw@@LIBSELINUX_1.0
00000000000218ec,setfilecon_raw@@LIBSELINUX_1.0
0000000000018ba0,selinux_restorecon_set_sehandle@@LIBSELINUX_1.0
00000000000171ac,getexeccon_raw@@LIBSELINUX_1.0
0000000000019c24,setcon@@LIBSELINUX_1.0
0000000000019ee0,setkeycreatecon@@LIBSELINUX_1.0
0000000000017490,query_user_context@@LIBSELINUX_1.0
000000000001730c,setsockcreatecon_raw@@LIBSELINUX_1.0
0000000000021884,rpm_execcon@@LIBSELINUX_1.0
000000000000d860,security_canonicalize_context@@LIBSELINUX_1.0
000000000001fc08,print_access_vector@@LIBSELINUX_1.0
000000000000cbe0,selabel_cmp@@LIBSELINUX_1.0
0000000000018060,selinux_customizable_types_path@@LIBSELINUX_1.0
0000000000017850,selinux_getenforcemode@@LIBSELINUX_1.0
000000000001940c,getsockcreatecon@@LIBSELINUX_1.0
000000000000c204,avc_open@@LIBSELINUX_1.0
00000000000128f0,selinux_file_context_path@@LIBSELINUX_1.0
0000000000018d40,selinux_restorecon_set_alt_rootpath@@LIBSELINUX_1.0
00000000000219e0,setfilecon@@LIBSELINUX_1.0
00000000000173e4,getpidcon_raw@@LIBSELINUX_1.0
0000000000019280,getexeccon@@LIBSELINUX_1.0
00000000000162c0,selinux_file_context_cmp@@LIBSELINUX_1.0
0000000000017b70,selinux_set_policy_root@@LIBSELINUX_1.0
0000000000019344,getfscreatecon@@LIBSELINUX_1.0
000000000000db40,security_compute_relabel@@LIBSELINUX_1.0
000000000001a6ac,matchpathcon@@LIBSELINUX_1.0
0000000000018180,selinux_user_contexts_path@@LIBSELINUX_1.0
0000000000015c80,set_matchpathcon_invalidcon@@LIBSELINUX_1.0
0000000000007e40,avc_cache_stats@@LIBSELINUX_1.0
00000000000177c0,selinux_securetty_types_path@@LIBSELINUX_1.0
00000000000138c4,security_load_policy@@LIBSELINUX_1.0
00000000000098d0,security_get_checkreqprot@@LIBSELINUX_1.0
0000000000017de0,selinux_removable_context_path@@LIBSELINUX_1.0
000000000000aab0,context_role_set@@LIBSELINUX_1.0
000000000000c760,fini_selinuxmnt@@LIBSELINUX_1.0
000000000000e350,get_default_context_with_rolelevel@@LIBSELINUX_1.0
000000000000bb60,avc_get_initial_sid@@LIBSELINUX_1.0
000000000000dd40,fgetfilecon@@LIBSELINUX_1.0
0000000000017684,security_reject_unknown@@LIBSELINUX_1.0
000000000000fb60,avc_netlink_loop@@LIBSELINUX_1.0
0000000000018690,selinux_virtual_domain_context_path@@LIBSELINUX_1.0
0000000000007d64,freecon@@LIBSELINUX_1.0
000000000001a6c4,matchpathcon_index@@LIBSELINUX_1.0
000000000000aae0,context_user_set@@LIBSELINUX_1.0
000000000000c2c0,avc_init@@LIBSELINUX_1.0
000000000000fa20,avc_netlink_check_nb@@LIBSELINUX_1.0
00000000000195a8,getpidcon@@LIBSELINUX_1.0
000000000000e904,getpeercon@@LIBSELINUX_1.0
0000000000019ccc,setexeccon@@LIBSELINUX_1.0
0000000000019e2c,setsockcreatecon@@LIBSELINUX_1.0
000000000000aa4c,context_range_get@@LIBSELINUX_1.0
000000000000e4c0,get_default_context@@LIBSELINUX_1.0
000000000000c7a0,set_selinuxmnt@@LIBSELINUX_1.0
0000000000009460,selinux_set_callback@@LIBSELINUX_1.0
0000000000018e60,lgetfilecon@@LIBSELINUX_1.0
0000000000018a80,selinux_booleans_subs_path@@LIBSELINUX_1.0
0000000000015f60,matchpathcon_filespec_eval@@LIBSELINUX_1.0
00000000000194e0,getkeycreatecon@@LIBSELINUX_1.0
0000000000017e70,selinux_current_policy_path@@LIBSELINUX_1.0
000000000001e820,selinux_status_close@@LIBSELINUX_1.0
00000000000184e0,selinux_netfilter_context_path@@LIBSELINUX_1.0
00000000000085e0,avc_netlink_open@@LIBSELINUX_1.0
0000000000009d84,security_compute_member_raw@@LIBSELINUX_1.0
000000000001efe4,selinux_raw_context_to_color@@LIBSELINUX_1.0
000000000000d2c0,fsetfilecon@@LIBSELINUX_1.0
000000000001f6e4,string_to_av_perm@@LIBSELINUX_1.0
00000000000081ac,avc_cleanup@@LIBSELINUX_1.0
000000000000d920,security_compute_create_name@@LIBSELINUX_1.0
000000000000d7c0,avc_sid_to_context@@LIBSELINUX_1.0
0000000000019680,getpidprevcon@@LIBSELINUX_3.5
000000000001cec0,selinux_restorecon_parallel@@LIBSELINUX_3.4
00000000000183c0,selinux_translations_path@@LIBSELINUX_1.0
0000000000017100,getcon_raw@@LIBSELINUX_1.0
000000000000ccc8,selabel_stats@@LIBSELINUX_1.0
000000000000f32c,avc_has_perm_noaudit@@LIBSELINUX_1.0
0000000000012980,selinux_file_context_subs_path@@LIBSELINUX_1.0
0000000000007d80,avc_sid_to_context_raw@@LIBSELINUX_1.0
0000000000017280,setfscreatecon_raw@@LIBSELINUX_1.0
0000000000013760,lgetfilecon_raw@@LIBSELINUX_1.0
000000000000a668,context_free@@LIBSELINUX_1.0
0000000000019f8c,selinux_set_mapping@@LIBSELINUX_1.0
0000000000019b90,lsetfilecon@@LIBSELINUX_1.0
0000000000015cd0,set_matchpathcon_flags@@LIBSELINUX_1.0
0000000000018960,selinux_snapperd_contexts_path@@LIBSELINUX_1.0
0000000000019d80,setfscreatecon@@LIBSELINUX_1.0
0000000000021a80,getseuserbyname@@LIBSELINUX_1.0
00000000000189f0,selinux_systemd_contexts_path@@LIBSELINUX_1.0
0000000000008860,security_get_boolean_names@@LIBSELINUX_1.0
00000000000179c4,selinux_getpolicytype@@LIBSELINUX_1.0
0000000000007e08,sidget@@LIBSELINUX_1.0
0000000000018b10,selinux_sepgsql_context_path@@LIBSELINUX_1.0
000000000000fd20,selinux_check_access@@LIBSELINUX_1.0
0000000000021324,selinux_status_deny_unknown@@LIBSELINUX_1.0
0000000000018210,selinux_booleans_path@@LIBSELINUX_1.0
00000000000187b0,selinux_lxc_contexts_path@@LIBSELINUX_1.0
0000000000021600,selinux_status_open@@LIBSELINUX_1.0
0000000000017144,setcon_raw@@LIBSELINUX_1.0
0000000000021640,setexecfilecon@@LIBSELINUX_1.0
0000000000008a80,selinux_boolean_sub@@LIBSELINUX_1.0
000000000000e200,get_default_context_with_role@@LIBSELINUX_1.0
000000000000d050,security_check_context@@LIBSELINUX_1.0
0000000000010180,selinux_check_passwd_access@@LIBSELINUX_1.0
00000000000091c8,security_commit_booleans@@LIBSELINUX_1.0
000000000001a40c,matchpathcon_init_prefix@@LIBSELINUX_1.0
0000000000009fe0,avc_compute_member@@LIBSELINUX_1.0
000000000000ea80,selabel_lookup@@LIBSELINUX_1.0
0000000000018720,selinux_virtual_image_context_path@@LIBSELINUX_1.0
0000000000008fa0,security_get_boolean_pending@@LIBSELINUX_1.0
00000000000092e0,security_set_boolean_list@@LIBSELINUX_1.0
000000000000da40,security_compute_member@@LIBSELINUX_1.0
000000000001ac2c,selinux_restorecon_xattr@@LIBSELINUX_1.0
000000000000aa0c,context_type_get@@LIBSELINUX_1.0
000000000000a6e0,context_new@@LIBSELINUX_1.0
0000000000016124,realpath_not_final@@LIBSELINUX_1.0
000000000001f560,string_to_security_class@@LIBSELINUX_1.0
00000000000172c4,getsockcreatecon_raw@@LIBSELINUX_1.0
000000000001ed08,selinux_raw_to_trans_context@@LIBSELINUX_1.0
000000000000c630,selinuxfs_exists@@LIBSELINUX_1.0
0000000000008730,avc_netlink_acquire_fd@@LIBSELINUX_1.0
000000000000f5c0,avc_has_perm@@LIBSELINUX_1.0
0000000000017184,getprevcon_raw@@LIBSELINUX_1.0
00000000000191c4,getprevcon@@LIBSELINUX_1.0
000000000000dc30,security_compute_user@@LIBSELINUX_1.0
000000000001aaa0,selinux_restorecon_default_handle@@LIBSELINUX_1.0
000000000000a360,freeconary@@LIBSELINUX_1.0
0000000000009040,security_get_boolean_active@@LIBSELINUX_1.0
0000000000009d64,security_compute_create_raw@@LIBSELINUX_1.0
000000000000ab04,context_range_set@@LIBSELINUX_1.0
000000000001a800,selinux_file_context_verify@@LIBSELINUX_1.0
0000000000008380,avc_add_callback@@LIBSELINUX_1.0
0000000000009500,selinux_get_callback@@LIBSELINUX_1.0
0000000000009a00,security_compute_create_name_raw@@LIBSELINUX_1.0
000000000000b0e0,avc_compute_create@@LIBSELINUX_1.0
00000000000139ec,selinux_binary_policy_path@@LIBSELINUX_1.0
0000000000017d50,selinux_failsafe_context_path@@LIBSELINUX_1.0
0000000000015d48,matchpathcon_filespec_add@@LIBSELINUX_1.0
0000000000016010,matchpathcon_filespec_destroy@@LIBSELINUX_1.0
0000000000015ca0,set_matchpathcon_canoncon@@LIBSELINUX_1.0
00000000000081c4,avc_reset@@LIBSELINUX_1.0
00000000000188d0,selinux_openssh_contexts_path@@LIBSELINUX_1.0
000000000000da20,security_compute_create@@LIBSELINUX_1.0
0000000000016360,security_policyvers@@LIBSELINUX_1.0
